bowler,innings,wickets,runs,balls,lbw,bowled,3_w_b,4_w_b,5_w_b,maiden_overs,wicket_point,eco,eco<5,eco(5-5.99),eco(6-7),eco(10-11),eco(11.01-12),eco>12,maiden_point,POINTS
TD Astle,2,7,41,36,0,3,4,8,0,0,175,6.833333333333333,0,0,2,0,0,0,0,96.0
APC Kilowan,1,3,20,20,1,1,4,0,0,1,75,6.0,0,0,0,0,0,0,12,93.0
L Balaji,3,9,78,66,0,3,12,0,0,1,225,7.090909090909092,0,0,0,0,0,0,12,84.0
SN Pradhan,1,3,30,23,0,1,4,0,0,0,75,7.826086956521739,0,0,0,0,0,0,0,80.0
L Wood,1,3,24,24,0,1,4,0,0,0,75,6.0,0,0,0,0,0,0,0,80.0
Fareed Ahmad,1,3,31,24,0,1,4,0,0,0,75,7.75,0,0,0,0,0,0,0,80.0
ST Gabriel,1,3,44,24,0,0,4,0,0,0,75,11.0,0,0,0,-2,0,0,0,77.0
NT Ellis,2,5,50,48,0,2,4,0,0,0,125,6.25,0,0,2,0,0,0,0,66.5
AB Dinda,3,7,63,60,0,0,0,8,0,1,175,6.300000000000001,0,0,2,0,0,0,12,65.66666666666667
LB Williams,2,5,74,47,0,0,4,0,0,0,125,9.446808510638299,0,0,0,0,0,0,0,64.5
RK Kleinveldt,2,4,38,26,0,0,4,0,0,2,100,8.769230769230768,0,0,0,0,0,0,24,64.0
SR Clark,3,7,57,72,0,0,0,8,0,0,175,4.75,6,0,0,0,0,0,0,63.0
Fazalhaq Farooqi,5,11,112,114,5,4,12,0,0,1,275,5.894736842105263,0,4,0,0,0,0,12,62.4
PM Liyanagamage,1,2,21,13,0,0,0,0,0,1,50,9.692307692307693,0,0,0,0,0,0,12,62.0
CN Nation,1,2,14,24,1,1,0,0,0,0,50,3.5,6,0,0,0,0,0,0,58.0
K Weeraratne,2,4,42,48,0,1,0,8,0,0,100,5.25,0,4,0,0,0,0,0,56.5
AC Voges,1,2,5,12,0,0,0,0,0,0,50,2.5,6,0,0,0,0,0,0,56.0
SM Harwood,1,2,21,24,0,1,0,0,0,0,50,5.25,0,4,0,0,0,0,0,55.0
AS Taai,1,1,9,24,0,0,0,0,0,2,25,2.25,6,0,0,0,0,0,24,55.0
RP Singh,5,10,96,102,1,6,4,8,0,0,250,5.647058823529411,0,4,0,0,0,0,0,54.6
Mariam Hasan,2,4,23,42,3,0,0,0,0,0,100,3.285714285714286,6,0,0,0,0,0,0,54.5
A Wellington,5,10,70,90,2,2,4,8,0,0,250,4.666666666666667,6,0,0,0,0,0,0,54.4
KOK Williams,12,24,263,243,1,5,12,8,0,2,600,6.493827160493828,0,0,2,0,0,0,24,54.333333333333336
A Mishra,7,14,160,162,1,3,8,0,0,1,350,5.925925925925926,0,4,0,0,0,0,12,54.0
CJ Dala,1,2,22,24,0,0,0,0,0,0,50,5.5,0,4,0,0,0,0,0,54.0
BM Wheeler,1,2,22,24,0,0,0,0,0,0,50,5.5,0,4,0,0,0,0,0,54.0
CK Langeveldt,6,12,129,126,1,5,4,8,0,0,300,6.142857142857142,0,0,2,0,0,0,0,53.333333333333336
RK Parwin,2,4,38,48,0,0,0,0,0,0,100,4.75,6,0,0,0,0,0,0,53.0
Arshdeep Singh,3,6,91,71,0,4,4,0,0,0,150,7.690140845070423,0,0,0,0,0,0,0,52.666666666666664
NJ Astle,2,4,50,41,0,1,4,0,0,0,100,7.317073170731707,0,0,0,0,0,0,0,52.5
Abu Jayed,1,2,27,24,0,0,0,0,0,0,50,6.75,0,0,2,0,0,0,0,52.0
Zulfiqar Babar,3,6,87,66,0,1,4,0,0,0,150,7.909090909090908,0,0,0,0,0,0,0,51.666666666666664
JD Unadkat,3,6,86,66,0,0,4,0,0,0,150,7.818181818181818,0,0,0,0,0,0,0,51.333333333333336
F Behardien,1,2,15,18,1,0,0,0,0,0,50,5.0,0,0,0,0,0,0,0,51.0
A Khan,1,2,34,24,0,1,0,0,0,0,50,8.5,0,0,0,0,0,0,0,51.0
R Sharma,1,2,29,22,1,0,0,0,0,0,50,7.909090909090908,0,0,0,0,0,0,0,51.0
PWH de Silva,20,38,431,438,11,13,24,16,0,0,950,5.904109589041096,0,4,0,0,0,0,0,50.9
IE O'Brien,2,4,64,48,0,0,0,0,0,0,100,8.0,0,0,0,0,0,0,0,50.0
L Ngidi,8,15,216,141,0,5,4,8,0,0,375,9.191489361702128,0,0,0,0,0,0,0,49.0
JR Hazlewood,21,37,497,448,2,10,12,32,0,3,925,6.65625,0,0,2,0,0,0,36,48.523809523809526
B Stanlake,11,20,280,246,1,2,8,8,0,0,500,6.829268292682927,0,0,2,0,0,0,0,47.36363636363637
Aizaz Cheema,4,7,95,84,1,3,0,8,0,0,175,6.785714285714286,0,0,2,0,0,0,0,47.25
OC McCoy,9,16,198,174,1,1,0,8,0,1,400,6.827586206896552,0,0,2,0,0,0,12,47.111111111111114
MA Wood,10,18,256,231,0,4,12,0,0,0,450,6.64935064935065,0,0,2,0,0,0,0,46.8
JS Patel,6,10,137,127,3,2,4,0,0,1,250,6.472440944881891,0,0,2,0,0,0,12,45.5
S Sharma,5,7,81,102,1,3,4,0,0,3,175,4.764705882352941,6,0,0,0,0,0,36,45.0
AB Agarkar,2,3,45,39,0,0,0,0,0,1,75,6.9230769230769225,0,0,2,0,0,0,12,44.5
RD Chahar,3,5,69,66,1,1,4,0,0,0,125,6.2727272727272725,0,0,2,0,0,0,0,44.333333333333336
CAK Rajitha,3,5,73,66,0,1,4,0,0,0,125,6.636363636363636,0,0,2,0,0,0,0,44.0
NA Saini,5,8,128,108,1,3,4,0,0,1,200,7.111111111111111,0,0,0,0,0,0,12,44.0
C van der Westhuizen,1,1,12,24,0,1,0,0,0,1,25,3.0,6,0,0,0,0,0,12,44.0
KL Gordon,5,8,98,114,0,0,4,0,0,1,200,5.157894736842105,0,4,0,0,0,0,12,44.0
BAW Mendis,22,36,488,504,8,10,12,8,0,2,900,5.809523809523809,0,4,0,0,0,0,24,43.90909090909091
Mohammad Sami,6,10,126,108,1,4,4,0,0,0,250,7.0,0,0,2,0,0,0,0,43.5
MJ Swepson,2,3,26,36,2,0,4,0,0,0,75,4.333333333333333,6,0,0,0,0,0,0,43.5
PADLR Sandakan,9,14,209,196,2,4,12,8,0,1,350,6.3979591836734695,0,0,2,0,0,0,12,43.333333333333336
RP Meredith,3,5,107,65,1,0,4,0,0,0,125,9.876923076923077,0,0,0,0,0,0,0,43.333333333333336
Soniya Dabir,4,6,67,96,0,1,4,0,0,1,150,4.1875,6,0,0,0,0,0,12,43.25
JP Faulkner,8,13,183,157,0,0,12,0,0,0,325,6.993630573248407,0,0,2,0,0,0,0,42.375
EJ Carson,5,8,82,102,3,1,0,0,0,0,200,4.8235294117647065,6,0,0,0,0,0,0,42.0
DP Nannes,6,9,143,132,1,2,0,8,0,1,225,6.5,0,0,2,0,0,0,12,41.666666666666664
KW Richardson,21,33,537,444,0,3,16,8,0,1,825,7.256756756756756,0,0,0,0,0,0,12,41.142857142857146
M Strano,6,9,131,132,0,0,0,0,16,0,225,5.954545454545455,0,4,0,0,0,0,0,40.833333333333336
BC Fortuin,5,8,110,108,1,1,0,0,0,0,200,6.111111111111112,0,0,2,0,0,0,0,40.8
AJ Tye,16,25,454,331,0,5,12,8,0,0,625,8.229607250755286,0,0,0,0,0,0,0,40.625
SM Pollock,8,12,197,171,0,1,8,0,0,1,300,6.912280701754387,0,0,2,0,0,0,12,40.375
AY Patel,6,9,97,132,0,2,0,8,0,0,225,4.409090909090909,6,0,0,0,0,0,0,40.166666666666664
D Bishoo,5,7,109,103,1,2,0,8,0,1,175,6.349514563106796,0,0,2,0,0,0,12,40.0
S Glenn,24,36,509,509,5,10,8,8,0,2,900,6.0,0,0,0,0,0,0,24,39.791666666666664
Nasum Ahmed,15,21,270,286,2,4,0,24,0,3,525,5.664335664335664,0,4,0,0,0,0,36,39.666666666666664
Ravi Bishnoi,2,3,49,48,1,1,0,0,0,0,75,6.125,0,0,2,0,0,0,0,39.5
CE McConchie,4,6,92,91,2,0,4,0,0,0,150,6.065934065934066,0,0,2,0,0,0,0,39.5
AR Adams,2,3,47,48,0,0,0,0,0,0,75,5.875,0,4,0,0,0,0,0,39.5
TA Boult,16,24,395,340,4,2,12,0,0,1,600,6.970588235294118,0,0,2,0,0,0,12,39.5
SHA Rance,2,3,55,42,0,0,4,0,0,0,75,7.857142857142858,0,0,0,0,0,0,0,39.5
Abdur Razzak,10,15,229,216,5,3,0,8,0,0,375,6.361111111111111,0,0,2,0,0,0,0,39.3
S Ecclestone,41,58,911,921,12,25,24,0,0,6,1450,5.93485342019544,0,4,0,0,0,0,72,38.707317073170735
E Bisht,14,20,258,326,5,1,8,8,0,1,500,4.748466257668712,6,0,0,0,0,0,12,38.57142857142857
Kuldeep Yadav,13,19,322,282,1,3,4,0,16,0,475,6.851063829787234,0,0,2,0,0,0,0,38.53846153846154
A Shrubsole,55,76,1081,1142,5,26,32,16,16,10,1900,5.6795096322241685,0,4,0,0,0,0,120,38.527272727272724
RMS Eranga,2,3,53,42,1,1,0,0,0,0,75,7.571428571428571,0,0,0,0,0,0,0,38.5
CJ Boyce,4,6,82,90,0,0,0,0,0,0,150,5.466666666666667,0,4,0,0,0,0,0,38.5
JRMVB Sanjaya,3,4,76,71,0,1,0,0,0,1,100,6.422535211267605,0,0,2,0,0,0,12,38.333333333333336
Imran Tahir,17,25,356,366,3,7,4,8,0,0,625,5.836065573770492,0,4,0,0,0,0,0,38.294117647058826
SSB Magala,2,3,65,48,0,1,0,0,0,0,75,8.125,0,0,0,0,0,0,0,38.0
ST Finn,9,13,211,192,2,1,12,0,0,0,325,6.59375,0,0,2,0,0,0,0,38.0
PM Siddle,2,3,58,48,1,0,0,0,0,0,75,7.25,0,0,0,0,0,0,0,38.0
V Shankar,2,3,62,42,0,1,0,0,0,0,75,8.857142857142858,0,0,0,0,0,0,0,38.0
RJ Harris,2,3,55,46,0,1,0,0,0,0,75,7.173913043478261,0,0,0,0,0,0,0,38.0
Arafat Sunny,4,6,85,66,0,2,0,0,0,0,150,7.727272727272727,0,0,0,0,0,0,0,38.0
Umar Gul,36,51,856,720,8,16,20,16,16,1,1275,7.133333333333333,0,0,0,0,0,0,12,37.861111111111114
Rashid Khan,18,26,383,420,7,8,4,8,0,0,650,5.4714285714285715,0,4,0,0,0,0,0,37.833333333333336
Abdur Rehman,4,6,94,72,1,0,0,0,0,0,150,7.833333333333334,0,0,0,0,0,0,0,37.75
IG Butler,10,14,263,196,3,4,8,0,0,1,350,8.051020408163264,0,0,0,0,0,0,12,37.7
SF Daley,21,29,380,420,5,8,4,16,16,1,725,5.428571428571429,0,4,0,0,0,0,12,37.61904761904762
A Flintoff,2,3,48,48,0,0,0,0,0,0,75,6.0,0,0,0,0,0,0,0,37.5
NW Bracken,9,12,201,192,0,3,8,0,0,2,300,6.28125,0,0,2,0,0,0,24,37.44444444444444
LCN Smith,7,10,133,138,2,2,4,0,0,0,250,5.782608695652174,0,4,0,0,0,0,0,37.42857142857143
JA Duffy,3,4,50,54,0,0,0,8,0,0,100,5.555555555555555,0,4,0,0,0,0,0,37.333333333333336
RJ Peterson,10,14,216,197,1,4,4,0,0,1,350,6.5786802030456855,0,0,2,0,0,0,12,37.3
DW Steyn,24,33,445,492,1,10,8,8,0,3,825,5.426829268292683,0,4,0,0,0,0,36,37.166666666666664
B Lee,14,20,374,298,4,4,12,0,0,0,500,7.530201342281879,0,0,0,0,0,0,0,37.142857142857146
Yasir Arafat,7,10,162,128,0,1,8,0,0,0,250,7.59375,0,0,0,0,0,0,0,37.0
J Theron,5,7,149,116,0,2,0,8,0,0,175,7.706896551724139,0,0,0,0,0,0,0,37.0
DL Chahar,8,11,184,168,2,1,4,0,0,1,275,6.571428571428572,0,0,2,0,0,0,12,37.0
LM Kasperek,27,38,614,578,1,5,24,0,0,0,950,6.373702422145329,0,0,2,0,0,0,0,36.370370370370374
GE Mathurin,3,4,65,60,0,3,4,0,0,0,100,6.5,0,0,2,0,0,0,0,36.333333333333336
Hasan Ali,27,36,723,535,2,8,20,0,0,4,900,8.108411214953271,0,0,0,0,0,0,48,36.22222222222222
Haris Rauf,18,25,498,399,2,6,8,8,0,0,625,7.488721804511279,0,0,0,0,0,0,0,36.05555555555556
FC Jonas,8,10,126,180,2,1,4,0,0,2,250,4.199999999999999,6,0,0,0,0,0,24,35.875
Mohammad Asif,7,9,198,162,0,4,0,8,0,1,225,7.333333333333334,0,0,0,0,0,0,12,35.57142857142857
M Morkel,25,33,582,519,0,9,0,16,0,3,825,6.728323699421965,0,0,2,0,0,0,36,35.52
SEA Ruck,8,11,151,174,2,2,0,0,0,0,275,5.206896551724138,0,4,0,0,0,0,0,35.375
A Nehra,12,16,281,246,1,1,8,0,0,1,400,6.853658536585366,0,0,2,0,0,0,12,35.333333333333336
Shoaib Akhtar,9,11,264,198,0,2,4,0,0,3,275,8.0,0,0,0,0,0,0,36,35.22222222222222
SS Cottrell,14,18,394,292,2,3,4,8,0,2,450,8.095890410958905,0,0,0,0,0,0,24,35.07142857142857
R Ashwin,28,36,596,624,5,3,4,16,0,4,900,5.730769230769231,0,4,0,0,0,0,48,35.0
NJ Browne,9,11,137,174,1,3,4,0,0,2,275,4.724137931034482,6,0,0,0,0,0,24,34.77777777777778
KM Beams,13,17,259,294,3,2,4,0,0,1,425,5.285714285714286,0,4,0,0,0,0,12,34.61538461538461
R McLaren,7,9,185,143,0,1,0,0,16,0,225,7.7622377622377625,0,0,0,0,0,0,0,34.57142857142857
KK Ahmed,7,9,213,150,0,4,0,0,0,1,225,8.52,0,0,0,0,0,0,12,34.42857142857143
D Wiese,9,12,152,174,0,1,4,0,0,0,300,5.241379310344827,0,4,0,0,0,0,0,34.333333333333336
SJ Coyte,17,22,308,348,4,5,8,0,0,1,550,5.310344827586207,0,4,0,0,0,0,12,34.294117647058826
D Pretorius,11,14,231,190,1,2,8,0,16,0,350,7.294736842105263,0,0,0,0,0,0,0,34.27272727272727
R Ravindra,4,5,64,96,0,2,4,0,0,0,125,4.0,6,0,0,0,0,0,0,34.25
K Santokie,7,9,183,132,2,4,0,8,0,0,225,8.318181818181818,0,0,0,0,0,0,0,34.142857142857146
HR Huddleston,9,11,170,180,1,3,0,0,0,2,275,5.666666666666666,0,4,0,0,0,0,24,34.111111111111114
SS Pathirana,3,4,66,65,0,0,0,0,0,0,100,6.092307692307692,0,0,2,0,0,0,0,34.0
N de Klerk,11,14,226,190,1,3,8,0,0,1,350,7.136842105263158,0,0,0,0,0,0,12,34.0
SN Thakur,7,9,165,125,0,0,4,8,0,0,225,7.92,0,0,0,0,0,0,0,33.857142857142854
CH Morris,6,8,146,114,1,2,0,0,0,0,200,7.684210526315789,0,0,0,0,0,0,0,33.833333333333336
TG Southee,35,45,907,740,3,5,20,0,16,1,1125,7.354054054054054,0,0,0,0,0,0,12,33.74285714285714
GP Swann,25,32,535,546,2,4,8,0,0,2,800,5.879120879120879,0,4,0,0,0,0,24,33.68
HV Patel,6,8,166,126,1,1,0,0,0,0,200,7.904761904761905,0,0,0,0,0,0,0,33.666666666666664
JO Holder,19,24,482,411,1,4,0,16,0,1,600,7.036496350364963,0,0,0,0,0,0,12,33.31578947368421
AU Rashid,31,39,775,698,1,7,4,16,0,2,975,6.661891117478509,0,0,2,0,0,0,24,33.193548387096776
M Muralitharan,7,9,180,162,0,1,4,0,0,0,225,6.666666666666667,0,0,2,0,0,0,0,33.142857142857146
HL Colvin,17,21,320,388,3,3,4,8,0,1,525,4.948453608247423,6,0,0,0,0,0,12,33.0
TS Mills,7,9,194,163,0,2,4,0,0,0,225,7.141104294478527,0,0,0,0,0,0,0,33.0
SR Watson,26,33,576,512,2,5,4,8,0,1,825,6.75,0,0,2,0,0,0,12,33.0
SE Bond,10,13,288,237,0,4,0,0,0,0,325,7.291139240506329,0,0,0,0,0,0,0,32.9
P Kumar,5,6,90,78,0,0,0,0,0,1,150,6.9230769230769225,0,0,2,0,0,0,12,32.8
RS Gayakwad,27,33,621,582,0,10,12,0,0,3,825,6.402061855670103,0,0,2,0,0,0,36,32.77777777777778
RM Farrell,24,29,502,505,1,7,4,8,0,3,725,5.964356435643564,0,4,0,0,0,0,36,32.708333333333336
Poonam Yadav,42,52,822,918,0,9,12,16,0,2,1300,5.372549019607844,0,4,0,0,0,0,24,32.5
Salma Khatun,28,32,499,576,10,6,8,8,0,6,800,5.197916666666666,0,4,0,0,0,0,72,32.42857142857143
ML Schutt,53,64,1015,1046,5,19,20,16,0,4,1600,5.822179732313575,0,4,0,0,0,0,48,32.301886792452834
AK Markram,4,4,55,66,1,0,4,0,0,2,100,5.0,0,0,0,0,0,0,24,32.25
Mustafizur Rahman,34,40,799,679,3,13,8,8,16,4,1000,7.060382916053019,0,0,0,0,0,0,48,32.23529411764706
DJ Willey,18,22,397,332,3,6,12,8,0,0,550,7.174698795180722,0,0,0,0,0,0,0,32.166666666666664
CRD Fernando,8,9,185,168,0,2,4,0,0,2,225,6.607142857142858,0,0,2,0,0,0,24,32.125
TJ Vlaeminck,10,11,202,210,0,2,4,0,0,3,275,5.771428571428571,0,4,0,0,0,0,36,32.1
SG Borthwick,1,1,15,24,0,1,0,0,0,0,25,3.75,6,0,0,0,0,0,0,32.0
SR Tendulkar,1,1,12,15,1,0,0,0,0,0,25,4.800000000000001,6,0,0,0,0,0,0,32.0
G Wareham,24,29,361,383,4,6,16,0,0,1,725,5.655352480417755,0,4,0,0,0,0,12,31.958333333333332
DJS Dottin,29,34,541,486,4,15,4,8,16,2,850,6.679012345679013,0,0,2,0,0,0,24,31.82758620689655
JP Behrendorff,5,6,100,78,1,0,0,8,0,0,150,7.692307692307693,0,0,0,0,0,0,0,31.8
Mohammad Saifuddin,9,11,185,156,3,4,4,0,0,0,275,7.115384615384615,0,0,0,0,0,0,0,31.77777777777778
Al-Amin Hossain,13,16,347,272,0,5,8,0,0,0,400,7.654411764705882,0,0,0,0,0,0,0,31.76923076923077
IS Sodhi,26,32,695,546,3,5,16,0,0,0,800,7.637362637362637,0,0,0,0,0,0,0,31.692307692307693
A Nortje,11,13,228,224,0,5,4,0,0,1,325,6.107142857142857,0,0,2,0,0,0,12,31.636363636363637
KMA Paul,8,10,214,162,0,3,0,0,0,0,250,7.9259259259259265,0,0,0,0,0,0,0,31.625
SL Malinga,38,45,915,799,5,19,20,0,16,1,1125,6.871088861076345,0,0,2,0,0,0,12,31.55263157894737
JJ Bumrah,24,28,512,505,3,10,4,0,0,3,700,6.083168316831683,0,0,2,0,0,0,36,31.458333333333332
IK Pathan,12,14,281,240,3,4,8,0,0,1,350,7.025,0,0,0,0,0,0,12,31.416666666666668
Usman Qadir,8,10,226,150,1,0,0,0,0,0,250,9.04,0,0,0,0,0,0,0,31.375
SW Tait,9,10,232,204,1,0,4,0,0,2,250,6.823529411764706,0,0,2,0,0,0,24,31.22222222222222
Shaheen Shah Afridi,19,22,452,390,2,4,8,0,0,2,550,6.953846153846154,0,0,2,0,0,0,24,31.05263157894737
MS Chapman,1,1,9,12,0,0,0,0,0,0,25,4.5,6,0,0,0,0,0,0,31.0
Rumman Raees,3,3,59,66,0,2,0,0,0,1,75,5.363636363636363,0,4,0,0,0,0,12,31.0
Shukhtara Rahman,1,1,18,24,0,0,0,0,0,0,25,4.5,6,0,0,0,0,0,0,31.0
NM Coulter-Nile,15,18,389,306,1,2,12,0,0,0,450,7.627450980392156,0,0,0,0,0,0,0,31.0
KL Pulford,1,1,17,24,0,0,0,0,0,0,25,4.25,6,0,0,0,0,0,0,31.0
GD Elliott,7,8,104,102,2,1,4,8,0,0,200,6.117647058823529,0,0,2,0,0,0,0,31.0
Y Cariah,1,1,15,24,0,0,0,0,0,0,25,3.75,6,0,0,0,0,0,0,31.0
RH Candy,1,1,14,24,0,0,0,0,0,0,25,3.5,6,0,0,0,0,0,0,31.0
Preeti Bose,1,1,18,24,0,0,0,0,0,0,25,4.5,6,0,0,0,0,0,0,31.0
Sania Khan,11,13,191,191,3,5,8,0,0,0,325,6.0,0,0,0,0,0,0,0,31.0
DC Drakes,1,1,19,24,0,0,0,0,0,0,25,4.75,6,0,0,0,0,0,0,31.0
DBL Powell,1,1,6,18,0,0,0,0,0,0,25,2.0,6,0,0,0,0,0,0,31.0
AK Kitchen,1,1,3,6,0,0,0,0,0,0,25,3.0,6,0,0,0,0,0,0,31.0
IECM Wong,5,5,82,95,0,1,0,0,0,2,125,5.178947368421053,0,4,0,0,0,0,24,30.8
Shoriful Islam,14,17,308,261,0,2,4,0,0,0,425,7.080459770114942,0,0,0,0,0,0,0,30.785714285714285
MG Johnson,14,16,321,289,1,3,12,0,0,1,400,6.664359861591695,0,0,2,0,0,0,12,30.714285714285715
A Dananjaya,15,18,400,325,1,5,4,0,0,0,450,7.384615384615385,0,0,0,0,0,0,0,30.666666666666668
CBRLS Kumara,9,11,309,199,0,1,0,0,0,0,275,9.316582914572864,0,0,0,0,0,0,0,30.666666666666668
RP Yadav,38,44,868,801,4,6,4,8,0,3,1100,6.50187265917603,0,0,2,0,0,0,36,30.526315789473685
EM Bermingham,11,13,205,210,3,3,0,0,0,0,325,5.857142857142857,0,4,0,0,0,0,0,30.454545454545453
UT Yadav,5,6,152,114,0,2,0,0,0,0,150,8.0,0,0,0,0,0,0,0,30.4
Saeed Ajmal,39,45,881,899,8,10,8,16,0,1,1125,5.879866518353726,0,4,0,0,0,0,12,30.333333333333332
HK Matthews,37,42,669,718,1,8,12,16,0,2,1050,5.5905292479108635,0,4,0,0,0,0,24,30.135135135135137
A Zampa,39,45,935,818,9,4,16,0,16,0,1125,6.858190709046455,0,0,2,0,0,0,0,30.05128205128205
Anam Amin,39,44,769,848,4,12,8,8,0,3,1100,5.441037735849056,0,4,0,0,0,0,36,30.05128205128205
MM Lanning,1,1,11,12,1,0,0,0,0,0,25,5.5,0,4,0,0,0,0,0,30.0
AM Phangiso,6,7,143,132,1,2,0,0,0,0,175,6.5,0,0,2,0,0,0,0,30.0
JL Hunter,15,16,259,248,1,3,0,0,16,2,400,6.266129032258065,0,0,2,0,0,0,24,29.733333333333334
Naveen-ul-Haq,7,8,155,138,0,2,4,0,0,0,200,6.739130434782609,0,0,2,0,0,0,0,29.714285714285715
SM Benade,4,4,76,90,0,2,0,0,0,1,100,5.066666666666666,0,4,0,0,0,0,12,29.5
MK Villiers,10,11,147,138,1,1,4,0,0,1,275,6.391304347826088,0,0,2,0,0,0,12,29.5
Imad Wasim,26,28,540,552,5,9,8,0,16,2,700,5.869565217391305,0,4,0,0,0,0,24,29.46153846153846
I Ranaweera,40,45,816,812,5,9,16,8,0,1,1125,6.029556650246306,0,0,2,0,0,0,12,29.425
T Shamsi,19,21,417,406,1,5,12,0,0,1,525,6.16256157635468,0,0,2,0,0,0,12,29.31578947368421
DL Vettori,19,21,412,444,4,4,8,0,0,1,525,5.5675675675675675,0,4,0,0,0,0,12,29.31578947368421
KH Brunt,60,65,1262,1289,10,15,12,8,0,7,1625,5.874321179208689,0,4,0,0,0,0,84,29.3
DM Kimmince,28,32,551,534,3,7,8,0,0,0,800,6.191011235955056,0,0,2,0,0,0,0,29.285714285714285
AC Kerr,40,45,888,911,4,13,12,0,0,1,1125,5.848518111964874,0,4,0,0,0,0,12,29.25
PJ Cummins,26,29,641,570,1,4,4,0,0,2,725,6.747368421052631,0,0,2,0,0,0,24,29.23076923076923
MA Starc,33,37,887,750,4,15,8,0,0,1,925,7.096,0,0,0,0,0,0,12,29.21212121212121
JE Taylor,16,17,412,312,1,7,8,0,0,2,425,7.923076923076923,0,0,0,0,0,0,24,29.0625
TT Bresnan,18,20,458,375,1,5,4,0,0,1,500,7.328,0,0,0,0,0,0,12,29.0
YA Abdulla,1,1,16,18,0,0,0,0,0,0,25,5.333333333333333,0,4,0,0,0,0,0,29.0
AA Noffke,1,1,23,24,0,0,0,0,0,0,25,5.75,0,4,0,0,0,0,0,29.0
N Shangase,5,5,75,66,1,1,4,0,0,1,125,6.818181818181818,0,0,2,0,0,0,12,29.0
HMRKB Herath,14,14,313,299,3,6,4,0,16,2,350,6.280936454849498,0,0,2,0,0,0,24,28.928571428571427
SR Taylor,40,43,742,794,7,6,12,16,0,3,1075,5.60705289672544,0,4,0,0,0,0,36,28.9
Renuka Singh,14,14,323,312,0,3,4,8,0,3,350,6.211538461538462,0,0,2,0,0,0,36,28.785714285714285
RE van der Merwe,8,9,189,174,0,2,0,0,0,0,225,6.517241379310345,0,0,2,0,0,0,0,28.625
JC Archer,5,5,137,114,0,2,4,0,0,1,125,7.2105263157894735,0,0,0,0,0,0,12,28.6
Sneh Rana,10,11,220,210,1,3,4,0,0,0,275,6.2857142857142865,0,0,2,0,0,0,0,28.5
S Badree,25,27,529,546,3,9,8,0,0,1,675,5.813186813186813,0,4,0,0,0,0,12,28.44
SPD Smith,9,10,190,147,0,1,4,0,0,0,250,7.755102040816327,0,0,0,0,0,0,0,28.333333333333332
KJ Abbott,10,11,198,188,1,1,4,0,0,0,275,6.319148936170212,0,0,2,0,0,0,0,28.3
SMSM Senanayake,12,13,201,240,4,2,4,0,0,0,325,5.025,0,4,0,0,0,0,0,28.25
Avesh Khan,4,4,90,68,0,1,0,0,0,1,100,7.9411764705882355,0,0,0,0,0,0,12,28.25
RS Bopara,9,9,147,148,0,5,0,8,0,1,225,5.95945945945946,0,4,0,0,0,0,12,28.22222222222222
D Hemalatha,5,5,88,74,0,0,4,0,0,1,125,7.135135135135135,0,0,0,0,0,0,12,28.2
CR Woakes,10,11,215,198,1,0,4,0,0,0,275,6.515151515151516,0,0,2,0,0,0,0,28.2
K Rabada,25,27,649,513,2,6,8,0,0,1,675,7.590643274853801,0,0,0,0,0,0,12,28.12
SB Styris,11,12,166,165,2,1,4,0,0,0,300,6.036363636363637,0,0,2,0,0,0,0,28.09090909090909
Shadab Khan,33,35,745,735,3,5,8,8,0,2,875,6.081632653061225,0,0,2,0,0,0,24,28.03030303030303
KMDN Kulasekara,30,32,695,599,4,4,4,0,0,2,800,6.961602671118531,0,0,2,0,0,0,24,27.933333333333334
SCJ Broad,26,28,637,568,1,3,8,0,0,1,700,6.728873239436619,0,0,2,0,0,0,12,27.923076923076923
RJ Sidebottom,9,10,250,204,0,1,0,0,0,0,250,7.352941176470589,0,0,0,0,0,0,0,27.88888888888889
JL Gunn,32,34,619,606,4,4,12,8,0,1,850,6.12871287128713,0,0,2,0,0,0,12,27.875
Tuba Hassan,9,9,157,167,2,2,4,0,0,1,225,5.640718562874252,0,4,0,0,0,0,12,27.666666666666668
S Molineux,19,19,356,369,4,6,12,0,0,2,475,5.788617886178862,0,4,0,0,0,0,24,27.63157894736842
SL Quintyne,21,21,393,426,5,2,8,0,0,3,525,5.535211267605634,0,4,0,0,0,0,36,27.61904761904762
J Botha,24,25,460,468,2,7,12,0,0,1,625,5.897435897435897,0,4,0,0,0,0,12,27.583333333333332
DB Sharma,52,54,1109,1125,7,8,8,8,0,4,1350,5.914666666666666,0,4,0,0,0,0,48,27.557692307692307
AJ McKay,2,2,31,34,0,1,0,0,0,0,50,5.470588235294118,0,4,0,0,0,0,0,27.5
MJ McClenaghan,12,12,267,218,1,1,4,0,0,2,300,7.348623853211009,0,0,0,0,0,0,24,27.5
Syeda Aroob Shah,2,2,46,48,0,1,0,0,0,0,50,5.75,0,4,0,0,0,0,0,27.5
WPUJC Vaas,2,2,35,36,1,0,0,0,0,0,50,5.833333333333333,0,4,0,0,0,0,0,27.5
A Nel,2,2,42,48,0,1,0,0,0,0,50,5.25,0,4,0,0,0,0,0,27.5
LL Tsotsobe,14,14,272,276,0,2,4,0,0,2,350,5.91304347826087,0,4,0,0,0,0,24,27.428571428571427
MJ Santner,25,26,531,509,2,0,8,8,0,1,650,6.259332023575638,0,0,2,0,0,0,12,27.28
Sadia Yousuf,23,24,481,485,1,3,4,0,0,1,600,5.950515463917526,0,4,0,0,0,0,12,27.130434782608695
S Ismail,60,58,1227,1243,2,19,24,0,32,8,1450,5.922767497988737,0,4,0,0,0,0,96,27.116666666666667
Aamer Jamal,1,1,13,12,0,0,0,0,0,0,25,6.5,0,0,2,0,0,0,0,27.0
NJ Shaw,1,1,25,24,0,0,0,0,0,0,25,6.25,0,0,2,0,0,0,0,27.0
B Fernando,3,3,64,66,0,2,0,0,0,0,75,5.818181818181818,0,4,0,0,0,0,0,27.0
RL Chase,2,2,31,32,0,0,0,0,0,0,50,5.8125,0,4,0,0,0,0,0,27.0
RL Grundy,10,10,205,222,2,2,0,0,0,1,250,5.54054054054054,0,4,0,0,0,0,12,27.0
Raza Hasan,9,9,185,210,2,0,0,0,0,1,225,5.285714285714286,0,4,0,0,0,0,12,27.0
Hasan Mahmud,1,1,26,24,0,0,0,0,0,0,25,6.5,0,0,2,0,0,0,0,27.0
A Martin,1,1,20,18,0,0,0,0,0,0,25,6.666666666666667,0,0,2,0,0,0,0,27.0
N Boje,1,1,27,24,0,0,0,0,0,0,25,6.75,0,0,2,0,0,0,0,27.0
MA Aponso,1,1,19,18,0,0,0,0,0,0,25,6.333333333333334,0,0,2,0,0,0,0,27.0
GC Tonge,1,1,25,24,0,0,0,0,0,0,25,6.25,0,0,2,0,0,0,0,27.0
Joginder Sharma,2,2,44,45,0,0,0,0,0,0,50,5.866666666666666,0,4,0,0,0,0,0,27.0
Karim Janat,11,11,301,204,3,2,0,0,16,0,275,8.852941176470589,0,0,0,0,0,0,0,26.90909090909091
CJ Jordan,31,32,821,657,0,6,16,0,0,1,800,7.497716894977168,0,0,0,0,0,0,12,26.903225806451612
Abdul Razzaq,13,13,243,207,1,2,8,0,0,1,325,7.043478260869566,0,0,0,0,0,0,12,26.76923076923077
S Nitschke,4,4,77,96,1,0,0,0,0,0,100,4.8125,6,0,0,0,0,0,0,26.75
S Randiv,4,4,88,78,0,1,4,0,0,0,100,6.769230769230769,0,0,2,0,0,0,0,26.75
RM Hira,3,3,51,54,0,1,0,0,0,0,75,5.666666666666666,0,4,0,0,0,0,0,26.666666666666668
DN Wyatt,23,23,415,472,2,3,4,0,0,2,575,5.275423728813559,0,4,0,0,0,0,24,26.608695652173914
JM Watkin,5,5,79,81,0,0,4,0,0,0,125,5.851851851851852,0,4,0,0,0,0,0,26.6
Naved-ul-Hasan,2,2,53,48,0,1,0,0,0,0,50,6.625,0,0,2,0,0,0,0,26.5
MG Bracewell,4,4,45,66,0,0,0,0,0,0,100,4.090909090909091,6,0,0,0,0,0,0,26.5
JL Jonassen,56,55,1060,1166,8,12,8,24,16,3,1375,5.454545454545454,0,4,0,0,0,0,36,26.482142857142858
RJW Topley,3,3,60,48,0,0,4,0,0,0,75,7.5,0,0,0,0,0,0,0,26.333333333333332
LH Ferguson,6,6,133,114,0,2,4,0,0,0,150,7.0,0,0,2,0,0,0,0,26.333333333333332
JW Hastings,5,5,108,108,0,2,4,0,0,0,125,6.0,0,0,0,0,0,0,0,26.2
Sumaiya Siddiqi,7,7,114,144,0,2,0,0,0,0,175,4.75,6,0,0,0,0,0,0,26.142857142857142
FR Davies,16,16,358,310,1,7,0,8,0,0,400,6.929032258064516,0,0,2,0,0,0,0,26.125
Rumana Ahmed,28,28,547,549,0,6,8,0,0,1,700,5.978142076502732,0,4,0,0,0,0,12,26.071428571428573
Shohidul Islam,1,1,33,23,0,1,0,0,0,0,25,8.608695652173912,0,0,0,0,0,0,0,26.0
Alok Kapali,2,2,35,30,0,0,0,0,0,0,50,7.0,0,0,2,0,0,0,0,26.0
Azmatullah Omarzai,5,5,86,66,1,0,4,0,0,0,125,7.818181818181818,0,0,0,0,0,0,0,26.0
JM Muirhead,2,2,41,36,0,0,0,0,0,0,50,6.833333333333333,0,0,2,0,0,0,0,26.0
MM Patel,1,1,35,24,0,1,0,0,0,0,25,8.75,0,0,0,0,0,0,0,26.0
NM Hauritz,2,2,47,44,0,0,0,0,0,0,50,6.409090909090908,0,0,2,0,0,0,0,26.0
AS Joseph,3,3,81,72,0,1,0,0,0,0,75,6.75,0,0,2,0,0,0,0,26.0
SC Meaker,1,1,28,23,0,1,0,0,0,0,25,7.304347826086957,0,0,0,0,0,0,0,26.0
Javeria Rauf,1,1,23,18,0,1,0,0,0,0,25,7.666666666666666,0,0,0,0,0,0,0,26.0
IT Guha,2,2,53,48,0,0,0,0,0,0,50,6.625,0,0,2,0,0,0,0,26.0
JA Richardson,7,7,172,150,0,1,4,0,0,0,175,6.880000000000001,0,0,2,0,0,0,0,26.0
Aamer Yamin,1,1,12,12,1,0,0,0,0,0,25,6.0,0,0,0,0,0,0,0,26.0
Sohail Tanvir,35,34,821,728,1,8,12,0,0,3,850,6.766483516483516,0,0,2,0,0,0,36,25.97142857142857
ASS Fletcher,37,37,640,727,5,5,4,0,16,0,925,5.281980742778542,0,4,0,0,0,0,0,25.91891891891892
AL Phehlukwayo,9,9,192,141,2,2,4,0,0,0,225,8.170212765957446,0,0,0,0,0,0,0,25.88888888888889
HR Walsh,8,8,168,144,0,1,4,0,0,0,200,7.0,0,0,2,0,0,0,0,25.875
A Brindle,15,14,211,258,1,3,4,0,0,2,350,4.906976744186046,6,0,0,0,0,0,24,25.866666666666667
XJ Doherty,7,7,175,144,0,2,4,0,0,0,175,7.291666666666666,0,0,0,0,0,0,0,25.857142857142858
EA Perry,57,56,1087,1082,2,15,4,24,0,2,1400,6.027726432532347,0,0,2,0,0,0,24,25.80701754385965
BW Hilfenhaus,4,4,102,90,0,1,0,0,0,0,100,6.8,0,0,2,0,0,0,0,25.75
SP Narine,23,22,513,526,4,2,20,0,0,1,550,5.85171102661597,0,4,0,0,0,0,12,25.73913043478261
SFM Devine,51,50,949,833,5,7,16,8,0,2,1250,6.835534213685475,0,0,2,0,0,0,24,25.725490196078432
DE Bollinger,7,7,187,162,0,3,0,0,0,0,175,6.925925925925926,0,0,2,0,0,0,0,25.714285714285715
O Thomas,6,6,154,132,0,2,0,0,0,0,150,7.0,0,0,2,0,0,0,0,25.666666666666668
MN Samuels,11,11,222,208,0,1,4,0,0,0,275,6.403846153846153,0,0,2,0,0,0,0,25.636363636363637
M Kapp,45,41,832,916,7,9,16,8,0,7,1025,5.449781659388647,0,4,0,0,0,0,84,25.622222222222224
Nahida Akter,13,13,273,255,1,1,4,0,0,0,325,6.423529411764706,0,0,2,0,0,0,0,25.615384615384617
HNK Jensen,28,27,606,540,1,7,20,0,0,1,675,6.733333333333333,0,0,2,0,0,0,12,25.607142857142858
MR Gillespie,5,4,101,104,0,0,0,0,0,2,100,5.826923076923077,0,4,0,0,0,0,24,25.6
Aiman Anwer,20,20,528,430,4,4,4,0,0,0,500,7.367441860465117,0,0,0,0,0,0,0,25.6
Jahanara Alam,23,22,429,407,1,10,16,8,0,0,550,6.324324324324324,0,0,2,0,0,0,0,25.52173913043478
HASD Siriwardene,43,42,833,893,8,7,4,24,0,0,1050,5.596864501679731,0,4,0,0,0,0,0,25.511627906976745
SD Parry,2,2,50,36,0,1,0,0,0,0,50,8.333333333333332,0,0,0,0,0,0,0,25.5
Mohammed Siraj,2,2,67,48,0,1,0,0,0,0,50,8.375,0,0,0,0,0,0,0,25.5
JW Dernbach,14,14,343,276,1,2,4,0,0,0,350,7.456521739130435,0,0,0,0,0,0,0,25.5
KS Lokuarachchi,2,2,48,36,1,0,0,0,0,0,50,8.0,0,0,0,0,0,0,0,25.5
LS Baker,2,2,44,36,0,1,0,0,0,0,50,7.333333333333334,0,0,0,0,0,0,0,25.5
AJ Hosein,10,10,256,234,0,2,0,0,0,0,250,6.564102564102565,0,0,2,0,0,0,0,25.4
NO Miller,5,5,131,100,1,1,0,0,0,0,125,7.86,0,0,0,0,0,0,0,25.4
Mohammad Wasim,10,10,188,164,0,2,0,0,0,0,250,6.878048780487804,0,0,2,0,0,0,0,25.4
B Kumar,28,27,567,548,2,9,4,16,0,0,675,6.208029197080291,0,0,2,0,0,0,0,25.285714285714285
Fawad Alam,4,4,73,48,1,0,0,0,0,0,100,9.125,0,0,0,0,0,0,0,25.25
Nida Dar,63,59,1158,1275,4,10,8,0,16,6,1475,5.449411764705882,0,4,0,0,0,0,72,25.22222222222222
Mohammad Hasnain,6,6,168,126,0,1,0,0,0,0,150,8.0,0,0,0,0,0,0,0,25.166666666666668
Aminul Islam Biplob,7,7,157,128,0,1,0,0,0,0,175,7.359375,0,0,0,0,0,0,0,25.142857142857142
O Kirsten,1,1,26,18,0,0,0,0,0,0,25,8.666666666666666,0,0,0,0,0,0,0,25.0
GH Worker,1,1,19,12,0,0,0,0,0,0,25,9.5,0,0,0,0,0,0,0,25.0
SJ Andrews,1,1,20,24,0,0,0,0,0,0,25,5.0,0,0,0,0,0,0,0,25.0
PP Ojha,1,1,29,18,0,0,0,0,0,0,25,9.666666666666668,0,0,0,0,0,0,0,25.0
CS Martin,1,1,40,24,0,0,0,0,0,0,25,10.0,0,0,0,0,0,0,0,25.0
Suraiya Azmin,1,1,12,12,0,0,0,0,0,0,25,6.0,0,0,0,0,0,0,0,25.0
M de Lange,1,1,34,24,0,0,0,0,0,0,25,8.5,0,0,0,0,0,0,0,25.0
FC Leydon-Davis,1,1,24,24,0,0,0,0,0,0,25,6.0,0,0,0,0,0,0,0,25.0
PR Brown,1,1,33,24,0,0,0,0,0,0,25,8.25,0,0,0,0,0,0,0,25.0
P Roy,3,3,51,42,0,0,0,0,0,0,75,7.285714285714285,0,0,0,0,0,0,0,25.0
JE Root,3,3,34,24,0,0,0,0,0,0,75,8.5,0,0,0,0,0,0,0,25.0
DR Tuffey,2,2,43,36,0,0,0,0,0,0,50,7.166666666666666,0,0,0,0,0,0,0,25.0
CP Schofield,2,2,65,47,0,0,0,0,0,0,50,8.297872340425533,0,0,0,0,0,0,0,25.0
RR Emrit,1,1,24,24,0,0,0,0,0,0,25,6.0,0,0,0,0,0,0,0,25.0
J Louw,2,2,54,42,0,0,0,0,0,0,50,7.714285714285715,0,0,0,0,0,0,0,25.0
Saarah Smith,2,2,40,24,0,0,0,0,0,0,50,10.0,0,0,0,0,0,0,0,25.0
C Green,1,1,16,12,0,0,0,0,0,0,25,8.0,0,0,0,0,0,0,0,25.0
Javeria Khan,2,2,36,36,0,0,0,0,0,0,50,6.0,0,0,0,0,0,0,0,25.0
NM Lyon,1,1,33,24,0,0,0,0,0,0,25,8.25,0,0,0,0,0,0,0,25.0
JWM Dalrymple,1,1,10,12,0,0,0,0,0,0,25,5.0,0,0,0,0,0,0,0,25.0
C Sakariya,1,1,34,22,0,0,0,0,0,0,25,9.272727272727273,0,0,0,0,0,0,0,25.0
Parvez Rasool,1,1,32,24,0,0,0,0,0,0,25,8.0,0,0,0,0,0,0,0,25.0
A Shahzad,3,3,97,66,0,0,0,0,0,0,75,8.818181818181818,0,0,0,0,0,0,0,25.0
Meghna Singh,2,2,59,36,0,0,0,0,0,0,50,9.833333333333332,0,0,0,0,0,0,0,25.0
AA Patil,29,27,586,595,3,5,12,0,0,2,675,5.909243697478992,0,4,0,0,0,0,24,24.93103448275862
Umaima Sohail,8,7,110,114,2,2,0,0,16,0,175,5.7894736842105265,0,4,0,0,0,0,0,24.875
A Mohammed,50,45,966,1026,5,3,12,0,16,6,1125,5.649122807017544,0,4,0,0,0,0,72,24.74
K Ramharack,8,7,127,141,1,1,4,0,0,1,175,5.404255319148936,0,4,0,0,0,0,12,24.625
MM Ali,16,15,300,266,3,0,0,0,0,1,375,6.766917293233083,0,0,2,0,0,0,12,24.5
FA Allen,14,13,234,227,1,1,0,0,0,1,325,6.185022026431718,0,0,2,0,0,0,12,24.357142857142858
KD Mills,20,19,582,425,2,2,8,0,0,0,475,8.216470588235294,0,0,0,0,0,0,0,24.35
D Hazell,44,39,855,973,9,10,4,8,0,5,975,5.272353545734841,0,4,0,0,0,0,60,24.318181818181817
D van Niekerk,46,43,707,813,4,6,8,8,0,1,1075,5.217712177121771,0,4,0,0,0,0,12,24.282608695652176
Yuvraj Singh,15,14,250,222,2,2,8,0,0,0,350,6.756756756756757,0,0,2,0,0,0,0,24.266666666666666
Sadia Iqbal,7,6,147,168,0,3,0,0,0,1,150,5.25,0,4,0,0,0,0,12,24.142857142857142
NE Farrant,8,7,153,158,0,2,0,0,0,1,175,5.810126582278482,0,4,0,0,0,0,12,24.125
DJ Bravo,34,32,850,662,0,6,4,8,0,0,800,7.70392749244713,0,0,0,0,0,0,0,24.058823529411764
UWMBCA Welegedara,1,1,21,12,0,1,0,0,0,0,25,10.5,0,0,0,-2,0,0,0,24.0
Mujeeb Ur Rahman,11,10,199,246,1,3,4,0,0,0,250,4.853658536585366,6,0,0,0,0,0,0,24.0
OU Ranasinghe,33,31,669,572,1,3,12,0,0,0,775,7.0174825174825175,0,0,0,0,0,0,0,23.96969696969697
WD Parnell,23,20,568,450,1,6,8,0,0,3,500,7.573333333333332,0,0,0,0,0,0,36,23.956521739130434
EA Osborne,28,26,512,526,1,3,4,8,0,0,650,5.840304182509506,0,4,0,0,0,0,0,23.928571428571427
TM McGrath,6,5,84,66,1,1,4,0,0,1,125,7.636363636363637,0,0,0,0,0,0,12,23.833333333333332
Shakib Al Hasan,45,40,1037,959,5,12,8,8,0,3,1000,6.48800834202294,0,0,2,0,0,0,36,23.8
A Khaka,23,20,454,451,2,5,12,0,0,2,500,6.03991130820399,0,0,2,0,0,0,24,23.695652173913043
LA Marsh,24,21,468,540,2,5,8,0,0,2,525,5.2,0,4,0,0,0,0,24,23.666666666666668
J Goswami,26,21,485,520,3,8,12,0,0,5,525,5.596153846153847,0,4,0,0,0,0,60,23.53846153846154
R Rampaul,11,10,306,233,1,2,4,0,0,0,250,7.879828326180257,0,0,0,0,0,0,0,23.363636363636363
Z Khan,10,9,241,196,2,2,4,0,0,0,225,7.377551020408163,0,0,0,0,0,0,0,23.3
Faheem Ashraf,13,11,203,198,2,3,8,0,0,1,275,6.151515151515152,0,0,2,0,0,0,12,23.23076923076923
HM Rowe,14,12,218,186,1,4,8,0,0,1,300,7.03225806451613,0,0,0,0,0,0,12,23.214285714285715
SJ Benn,12,10,277,256,2,3,8,0,0,1,250,6.4921875,0,0,2,0,0,0,12,23.083333333333332
JT Ball,1,1,44,24,0,0,0,0,0,0,25,11.0,0,0,0,-2,0,0,0,23.0
Dawlat Ahmadzai,1,1,21,12,0,0,0,0,0,0,25,10.5,0,0,0,-2,0,0,0,23.0
S Sreesanth,5,4,154,114,1,2,0,0,0,1,100,8.105263157894736,0,0,0,0,0,0,12,23.0
Qais Ahmad,1,1,21,12,0,0,0,0,0,0,25,10.5,0,0,0,-2,0,0,0,23.0
DJG Sammy,26,23,446,409,0,3,8,8,0,0,575,6.54278728606357,0,0,2,0,0,0,0,22.923076923076923
MH Yardy,9,8,197,204,0,2,0,0,0,0,200,5.794117647058823,0,4,0,0,0,0,0,22.88888888888889
Harbhajan Singh,13,11,313,276,1,2,4,0,0,1,275,6.804347826086956,0,0,2,0,0,0,12,22.76923076923077
FH Edwards,12,10,262,207,1,2,8,0,0,1,250,7.594202898550725,0,0,0,0,0,0,12,22.75
PVD Chameera,28,25,725,588,4,4,4,0,0,0,625,7.3979591836734695,0,0,0,0,0,0,0,22.75
Wahab Riaz,19,16,501,380,0,4,4,0,0,2,400,7.910526315789474,0,0,0,0,0,0,24,22.736842105263158
AF Milne,15,13,377,292,0,4,0,0,0,1,325,7.7465753424657535,0,0,0,0,0,0,12,22.733333333333334
Rubel Hossain,10,9,288,195,1,1,0,0,0,0,225,8.861538461538462,0,0,0,0,0,0,0,22.7
CR Brathwaite,22,19,451,376,1,1,8,0,0,1,475,7.196808510638299,0,0,0,0,0,0,12,22.59090909090909
SM Curran,9,8,205,150,0,1,0,0,0,0,200,8.2,0,0,0,0,0,0,0,22.333333333333332
Shafiul Islam,9,8,217,174,1,0,0,0,0,0,200,7.482758620689656,0,0,0,0,0,0,0,22.333333333333332
Hamid Hassan,6,5,129,123,1,1,4,0,0,0,125,6.2926829268292686,0,0,2,0,0,0,0,22.166666666666668
OF Smith,7,6,186,114,0,1,4,0,0,0,150,9.789473684210526,0,0,0,0,0,0,0,22.142857142857142
HH Pandya,26,22,585,453,0,4,8,0,0,1,550,7.748344370860927,0,0,0,0,0,0,12,22.076923076923077
RA Mair,15,13,291,272,2,1,0,0,0,0,325,6.419117647058823,0,0,2,0,0,0,0,22.0
HAM Samuddika,14,12,300,288,0,1,4,0,0,0,300,6.25,0,0,2,0,0,0,0,21.928571428571427
TK Curran,9,7,246,168,0,2,0,8,0,1,175,8.785714285714285,0,0,0,0,0,0,12,21.88888888888889
SC Kuggeleijn,6,5,149,113,0,2,4,0,0,0,125,7.911504424778761,0,0,0,0,0,0,0,21.833333333333332
Junaid Khan,6,5,162,114,0,2,4,0,0,0,125,8.526315789473685,0,0,0,0,0,0,0,21.833333333333332
LE Plunkett,10,8,286,227,0,1,4,0,0,1,200,7.559471365638767,0,0,0,0,0,0,12,21.7
AR Patel,6,5,115,102,1,2,0,0,0,0,125,6.764705882352941,0,0,2,0,0,0,0,21.666666666666668
GA Elwiss,6,5,86,91,1,0,0,0,0,0,125,5.67032967032967,0,4,0,0,0,0,0,21.666666666666668
I Udana,16,13,373,294,1,2,4,0,0,1,325,7.612244897959183,0,0,0,0,0,0,12,21.5
LMM Tahuhu,37,29,675,660,0,7,12,0,0,4,725,6.136363636363637,0,0,2,0,0,0,48,21.45945945945946
SS Connell,31,24,574,556,0,5,16,0,0,3,600,6.194244604316546,0,0,2,0,0,0,36,21.258064516129032
RA Jadeja,31,24,610,610,2,4,4,0,0,4,600,6.0,0,0,0,0,0,0,48,21.225806451612904
JR Hopes,6,5,141,114,0,2,0,0,0,0,125,7.421052631578948,0,0,0,0,0,0,0,21.166666666666668
Shahid Afridi,52,42,1226,1154,11,20,4,0,0,1,1050,6.374350086655112,0,0,2,0,0,0,12,21.134615384615383
Nashra Sandhu,23,18,501,489,0,2,8,0,0,2,450,6.147239263803682,0,0,2,0,0,0,24,21.130434782608695
AC Agar,29,24,658,640,1,4,4,0,0,0,600,6.168749999999999,0,0,2,0,0,0,0,21.06896551724138
Khadija Tul Kubra,16,13,267,300,0,3,4,0,0,0,325,5.34,0,4,0,0,0,0,0,21.0
R Shepherd,5,4,126,84,0,0,4,0,0,0,100,9.0,0,0,0,0,0,0,0,20.8
JJ van der Wath,5,4,135,120,0,2,0,0,0,0,100,6.75,0,0,2,0,0,0,0,20.8
R Malhotra,5,4,69,72,0,0,0,0,0,0,100,5.75,0,4,0,0,0,0,0,20.8
Taskin Ahmed,16,12,381,332,1,3,0,0,0,2,300,6.885542168674699,0,0,2,0,0,0,24,20.625
A Sharma,5,4,97,84,0,1,0,0,0,0,100,6.928571428571428,0,0,2,0,0,0,0,20.6
P Vastrakar,24,18,406,403,1,3,0,0,0,3,450,6.044665012406948,0,0,2,0,0,0,36,20.5
LS Livingstone,5,4,70,84,2,0,0,0,0,0,100,5.0,0,0,0,0,0,0,0,20.4
MF Maharoof,5,4,121,96,1,1,0,0,0,0,100,7.5625,0,0,0,0,0,0,0,20.4
NR Sciver,65,51,1058,1038,4,10,12,8,0,1,1275,6.115606936416185,0,0,2,0,0,0,12,20.353846153846153
A King,6,4,97,91,3,1,4,0,0,1,100,6.395604395604396,0,0,2,0,0,0,12,20.333333333333332
L Cheatle,4,3,49,60,0,0,0,0,0,0,75,4.9,6,0,0,0,0,0,0,20.25
GF Linde,4,3,77,66,0,0,4,0,0,0,75,7.0,0,0,2,0,0,0,0,20.25
Asmavia Iqbal,28,22,494,509,4,4,4,0,0,0,550,5.823182711198428,0,4,0,0,0,0,0,20.214285714285715
AM Peterson,14,11,221,198,1,1,4,0,0,0,275,6.696969696969697,0,0,2,0,0,0,0,20.214285714285715
TD Smartt,25,19,427,431,3,7,4,0,0,1,475,5.944315545243619,0,4,0,0,0,0,12,20.2
KAJ Roach,5,4,126,102,0,1,0,0,0,0,100,7.411764705882353,0,0,0,0,0,0,0,20.2
AR Nurse,5,4,107,90,0,1,0,0,0,0,100,7.133333333333333,0,0,0,0,0,0,0,20.2
RAS Lakmal,5,4,106,76,1,0,0,0,0,0,100,8.368421052631579,0,0,0,0,0,0,0,20.2
A Reddy,18,14,444,353,0,1,0,0,0,1,350,7.546742209631728,0,0,0,0,0,0,12,20.166666666666668
N Niranjana,9,6,148,163,2,0,0,0,0,2,150,5.447852760736196,0,4,0,0,0,0,24,20.0
Naseem Shah,4,3,105,91,0,3,0,0,0,0,75,6.9230769230769225,0,0,2,0,0,0,0,20.0
CR Seneviratna,11,8,181,186,0,3,0,0,0,1,200,5.838709677419355,0,4,0,0,0,0,12,19.90909090909091
A Das,9,7,156,164,0,0,0,0,0,0,175,5.7073170731707314,0,4,0,0,0,0,0,19.88888888888889
Mohammad Nawaz (3),20,15,479,394,1,5,4,0,0,1,375,7.2944162436548226,0,0,0,0,0,0,12,19.85
TS Sekhukhune,18,14,342,306,1,4,0,0,0,0,350,6.705882352941177,0,0,2,0,0,0,0,19.833333333333332
KA Maharaj,9,6,177,169,2,0,0,0,0,2,150,6.284023668639053,0,0,2,0,0,0,24,19.77777777777778
Nazmul Islam,4,2,71,72,1,0,0,0,0,2,50,5.916666666666667,0,4,0,0,0,0,24,19.75
Shapoor Zadran,9,7,225,167,0,2,0,0,0,0,175,8.083832335329342,0,0,0,0,0,0,0,19.666666666666668
NL McCullum,26,20,487,504,1,6,0,0,0,0,500,5.7976190476190474,0,4,0,0,0,0,0,19.653846153846153
JP Duminy,17,13,171,169,1,2,4,0,0,0,325,6.071005917159764,0,0,2,0,0,0,0,19.647058823529413
Sana Mir,51,37,1102,1128,4,10,4,16,0,3,925,5.861702127659575,0,4,0,0,0,0,36,19.58823529411765
MGMCP Gunawardene,4,3,73,66,1,0,0,0,0,0,75,6.636363636363636,0,0,2,0,0,0,0,19.5
SK Dolawatte,5,3,43,48,1,1,4,0,0,1,75,5.375,0,4,0,0,0,0,12,19.4
JM Kerr,14,10,232,251,0,5,0,0,0,1,250,5.545816733067729,0,4,0,0,0,0,12,19.357142857142858
Bilawal Bhatti,4,3,100,72,0,2,0,0,0,0,75,8.333333333333332,0,0,0,0,0,0,0,19.25
BA Stokes,10,7,243,178,0,1,4,0,0,1,175,8.191011235955056,0,0,0,0,0,0,12,19.2
DT Christian,12,9,209,165,0,1,4,0,0,0,225,7.6,0,0,0,0,0,0,0,19.166666666666668
Mahedi Hasan,20,15,425,423,1,5,0,0,0,0,375,6.028368794326241,0,0,2,0,0,0,0,19.15
JL Ontong,1,1,25,12,0,0,0,0,0,0,25,12.5,0,0,0,0,0,-6,0,19.0
JL Pattinson,4,3,104,78,0,1,0,0,0,0,75,8.0,0,0,0,0,0,0,0,19.0
C Munro,4,3,65,40,1,0,0,0,0,0,75,9.75,0,0,0,0,0,0,0,19.0
JM Anderson,6,4,153,134,0,0,0,0,0,1,100,6.850746268656717,0,0,2,0,0,0,12,19.0
DJ Mitchell,1,1,15,6,0,0,0,0,0,0,25,15.0,0,0,0,0,0,-6,0,19.0
JDS Neesham,13,9,232,162,0,2,8,0,0,1,225,8.592592592592592,0,0,0,0,0,0,12,19.0
BE Hendricks,4,3,93,78,1,0,0,0,0,0,75,7.153846153846153,0,0,0,0,0,0,0,19.0
Ariful Haque,1,1,13,6,0,0,0,0,0,0,25,13.0,0,0,0,0,0,-6,0,19.0
SA Campbelle,15,11,274,295,3,2,0,0,0,0,275,5.5728813559322035,0,4,0,0,0,0,0,18.933333333333334
Mohammad Ashraful,4,3,73,60,0,0,0,0,0,0,75,7.299999999999999,0,0,0,0,0,0,0,18.75
M Daniels,27,18,460,543,3,7,4,0,0,3,450,5.082872928176795,0,4,0,0,0,0,36,18.666666666666668
M Klaas,25,18,547,434,0,4,0,0,0,1,450,7.56221198156682,0,0,0,0,0,0,12,18.64
P Jayawickrama,2,1,41,31,0,0,0,0,0,1,25,7.935483870967742,0,0,0,0,0,0,12,18.5
DAJ Bracewell,7,5,120,101,0,0,4,0,0,0,125,7.128712871287128,0,0,0,0,0,0,0,18.428571428571427
Mohammad Hafeez,50,35,807,798,5,10,4,0,0,2,875,6.06766917293233,0,0,2,0,0,0,24,18.4
TMM Newton,3,2,49,54,1,0,0,0,0,0,50,5.444444444444445,0,4,0,0,0,0,0,18.333333333333332
AP Devcich,3,2,48,54,1,0,0,0,0,0,50,5.333333333333333,0,4,0,0,0,0,0,18.333333333333332
Mashrafe Mortaza,18,13,449,364,2,2,0,0,0,0,325,7.4010989010989015,0,0,0,0,0,0,0,18.27777777777778
AD Mathews,35,23,613,594,3,7,4,0,0,4,575,6.191919191919192,0,0,2,0,0,0,48,18.257142857142856
Mohammad Amir,20,13,479,419,2,4,8,0,0,2,325,6.859188544152746,0,0,2,0,0,0,24,18.25
JDP Oram,12,8,263,198,0,3,4,0,0,1,200,7.96969696969697,0,0,0,0,0,0,12,18.25
Mohammad Nabi,23,16,526,468,3,2,0,0,0,1,400,6.743589743589744,0,0,2,0,0,0,12,18.217391304347824
KL Cross,7,5,136,132,0,0,0,0,0,0,125,6.181818181818182,0,0,2,0,0,0,0,18.142857142857142
SIP Fernando,6,4,100,92,1,1,4,0,0,0,100,6.521739130434782,0,0,2,0,0,0,0,18.0
SK Naidu,3,2,41,49,0,0,0,0,0,0,50,5.020408163265307,0,4,0,0,0,0,0,18.0
YS Chahal,20,14,597,447,2,4,0,0,0,0,350,8.013422818791947,0,0,0,0,0,0,0,17.8
ST Jayasuriya,10,7,151,125,0,3,0,0,0,0,175,7.247999999999999,0,0,0,0,0,0,0,17.8
Fatima Sana,10,6,225,192,1,3,0,0,0,2,150,7.03125,0,0,0,0,0,0,24,17.8
Diana Baig,23,15,422,421,3,5,0,0,0,2,375,6.014251781472684,0,0,2,0,0,0,24,17.782608695652176
S Pandey,31,21,590,542,0,8,4,0,0,1,525,6.531365313653136,0,0,2,0,0,0,12,17.774193548387096
HHC Gunaratne,8,5,155,152,2,1,0,0,0,1,125,6.118421052631579,0,0,2,0,0,0,12,17.75
KH Pandya,11,7,292,233,2,2,4,0,0,1,175,7.51931330472103,0,0,0,0,0,0,12,17.727272727272727
Shafali Verma,6,4,59,72,0,0,0,0,0,0,100,4.916666666666666,6,0,0,0,0,0,0,17.666666666666668
Syed Rasel,5,3,149,102,0,1,0,0,0,1,75,8.76470588235294,0,0,0,0,0,0,12,17.6
Panna Ghosh,14,8,216,225,0,1,4,0,0,3,200,5.76,0,4,0,0,0,0,36,17.5
NLTC Perera,33,22,710,502,2,2,8,0,0,1,550,8.486055776892432,0,0,0,0,0,0,12,17.393939393939394
KDU Prabodhani,43,27,696,826,2,12,0,0,0,4,675,5.0556900726392255,0,4,0,0,0,0,48,17.232558139534884
NJ Carey,17,11,301,260,0,3,0,0,0,1,275,6.946153846153846,0,0,2,0,0,0,12,17.176470588235293
Washington Sundar,12,8,276,255,1,2,0,0,0,0,200,6.4941176470588236,0,0,2,0,0,0,0,17.083333333333332
Z Mali,6,4,145,111,0,2,0,0,0,0,100,7.837837837837838,0,0,0,0,0,0,0,17.0
FL Mackay,12,8,241,214,1,1,0,0,0,0,200,6.757009345794392,0,0,2,0,0,0,0,17.0
BMAJ Mendis,6,4,126,108,0,0,0,0,0,0,100,7.0,0,0,2,0,0,0,0,17.0
MM Sharma,3,2,36,30,0,1,0,0,0,0,50,7.199999999999999,0,0,0,0,0,0,0,17.0
SC Selman,38,24,645,638,2,8,4,0,0,2,600,6.065830721003135,0,0,2,0,0,0,24,16.842105263157894
M Ntini,6,4,149,114,1,0,0,0,0,0,100,7.842105263157896,0,0,0,0,0,0,0,16.833333333333332
JL Denly,3,2,50,36,0,0,0,0,0,0,50,8.333333333333332,0,0,0,0,0,0,0,16.666666666666668
DR Briggs,3,2,70,42,0,0,0,0,0,0,50,10.0,0,0,0,0,0,0,0,16.666666666666668
MJ Henry,3,2,84,60,0,0,0,0,0,0,50,8.399999999999999,0,0,0,0,0,0,0,16.666666666666668
MJ Mason,3,2,65,54,0,0,0,0,0,0,50,7.222222222222222,0,0,0,0,0,0,0,16.666666666666668
MD Shanaka,17,11,210,181,1,1,4,0,0,0,275,6.961325966850828,0,0,2,0,0,0,0,16.647058823529413
LA Dawson,5,3,99,96,0,1,4,0,0,0,75,6.1875,0,0,2,0,0,0,0,16.4
GJ Maxwell,33,21,473,414,1,3,8,0,0,0,525,6.855072463768115,0,0,2,0,0,0,0,16.333333333333332
CJ McKay,4,2,89,88,0,1,0,0,0,1,50,6.068181818181818,0,0,2,0,0,0,12,16.25
SR Patel,8,5,145,132,1,2,0,0,0,0,125,6.59090909090909,0,0,2,0,0,0,0,16.25
A Gardner,34,21,492,492,2,5,4,0,0,1,525,6.0,0,0,0,0,0,0,12,16.11764705882353
AE Satterthwaite,15,9,231,216,1,1,0,0,0,1,225,6.416666666666666,0,0,2,0,0,0,12,16.066666666666666
JH Kallis,11,7,181,150,0,1,0,0,0,0,175,7.24,0,0,0,0,0,0,0,16.0
SIR Dunkley,2,1,13,24,1,0,0,0,0,0,25,3.25,6,0,0,0,0,0,0,16.0
Gulbadin Naib,7,4,112,93,0,0,0,0,0,1,100,7.225806451612904,0,0,0,0,0,0,12,16.0
DM de Silva,8,5,129,126,1,0,0,0,0,0,125,6.142857142857142,0,0,2,0,0,0,0,16.0
AD Russell,24,15,551,398,0,4,0,0,0,0,375,8.306532663316583,0,0,0,0,0,0,0,15.791666666666666
H Deol,8,5,119,96,1,0,0,0,0,0,125,7.4375,0,0,0,0,0,0,0,15.75
H Kaur,33,20,404,359,1,5,0,8,0,0,500,6.752089136490252,0,0,2,0,0,0,0,15.636363636363637
Mohammad Irfan,13,8,310,249,1,2,0,0,0,0,200,7.469879518072289,0,0,0,0,0,0,0,15.615384615384615
SA Abbott,5,3,72,66,1,0,0,0,0,0,75,6.545454545454545,0,0,2,0,0,0,0,15.6
DP David,2,1,34,42,0,0,0,0,0,0,25,4.857142857142858,6,0,0,0,0,0,0,15.5
MP Stoinis,10,6,183,174,0,2,0,0,0,0,150,6.310344827586206,0,0,2,0,0,0,0,15.4
HL Ferling,7,4,117,126,0,3,0,0,0,0,100,5.571428571428571,0,4,0,0,0,0,0,15.285714285714286
MJG Nielsen,13,7,185,258,2,3,0,0,0,1,175,4.302325581395349,6,0,0,0,0,0,12,15.23076923076923
SW Bates,27,16,384,366,2,3,4,0,0,0,400,6.295081967213115,0,0,2,0,0,0,0,15.222222222222221
Shahnawaz Dhani,5,3,134,92,0,1,0,0,0,0,75,8.73913043478261,0,0,0,0,0,0,0,15.2
LJ Wright,10,6,174,132,0,1,0,0,0,0,150,7.909090909090908,0,0,0,0,0,0,0,15.1
Natalia Pervaiz,5,3,69,48,0,0,0,0,0,0,75,8.625,0,0,0,0,0,0,0,15.0
RTM Mendis,2,1,22,24,1,0,0,0,0,0,25,5.5,0,4,0,0,0,0,0,15.0
SNJ O'Keefe,5,3,102,72,0,0,0,0,0,0,75,8.5,0,0,0,0,0,0,0,15.0
Afif Hossain,6,3,61,60,0,0,0,0,0,1,75,6.1,0,0,2,0,0,0,12,14.833333333333334
JEC Franklin,9,5,134,114,0,2,4,0,0,0,125,7.052631578947369,0,0,0,0,0,0,0,14.555555555555555
AC Jayangani,28,15,462,402,4,6,8,0,0,1,375,6.895522388059701,0,0,2,0,0,0,12,14.535714285714286
CR Smith,2,1,47,48,0,0,0,0,0,0,25,5.875,0,4,0,0,0,0,0,14.5
DJ Hussey,14,8,194,187,1,0,0,0,0,0,200,6.224598930481283,0,0,2,0,0,0,0,14.5
HMD Rasangika,2,1,29,30,0,0,0,0,0,0,25,5.8,0,4,0,0,0,0,0,14.5
HMCM Bandara,2,1,45,48,0,0,0,0,0,0,25,5.625,0,4,0,0,0,0,0,14.5
BM Halliday,2,1,17,18,0,0,0,0,0,0,25,5.666666666666666,0,4,0,0,0,0,0,14.5
JA Morkel,28,15,464,391,0,3,4,0,0,2,375,7.120204603580563,0,0,0,0,0,0,24,14.5
CH Gayle,14,8,187,148,0,2,0,0,0,0,200,7.581081081081082,0,0,0,0,0,0,0,14.428571428571429
Bismah Maroof,35,20,464,472,0,1,0,0,0,0,500,5.898305084745763,0,4,0,0,0,0,0,14.428571428571429
Mohammed Shami,7,4,194,129,0,1,0,0,0,0,100,9.023255813953488,0,0,0,0,0,0,0,14.428571428571429
Usman Shinwari,7,4,177,132,0,0,0,0,0,0,100,8.045454545454545,0,0,0,0,0,0,0,14.285714285714286
A Bosch,7,4,97,78,0,0,0,0,0,0,100,7.461538461538462,0,0,0,0,0,0,0,14.285714285714286
WK Dilhari,20,11,371,355,4,1,0,0,0,0,275,6.270422535211267,0,0,2,0,0,0,0,14.1
Ritu Moni,10,5,135,129,0,1,0,8,0,0,125,6.279069767441861,0,0,2,0,0,0,0,13.6
T Thushara,2,1,55,48,0,0,0,0,0,0,25,6.875,0,0,2,0,0,0,0,13.5
L Sipamla,2,1,48,42,0,0,0,0,0,0,25,6.857142857142857,0,0,2,0,0,0,0,13.5
H Davids,2,1,13,12,0,0,0,0,0,0,25,6.5,0,0,2,0,0,0,0,13.5
R Powell,2,1,27,24,0,0,0,0,0,0,25,6.75,0,0,2,0,0,0,0,13.5
SK Raina,17,9,206,205,2,0,0,0,0,0,225,6.029268292682927,0,0,2,0,0,0,0,13.470588235294118
S Loubser,15,7,256,250,0,0,0,0,0,2,175,6.144,0,0,2,0,0,0,24,13.4
LC Sthalekar,8,4,145,180,0,1,0,0,0,0,100,4.833333333333334,6,0,0,0,0,0,0,13.375
Aliya Riaz,19,10,373,302,1,3,0,0,0,0,250,7.410596026490066,0,0,0,0,0,0,0,13.368421052631579
KE Broadmore,6,2,74,78,0,2,0,0,0,2,50,5.692307692307692,0,4,0,0,0,0,24,13.333333333333334
Shoaib Malik,27,14,319,302,2,4,0,0,0,0,350,6.33774834437086,0,0,2,0,0,0,0,13.25925925925926
SL Munroe,8,4,111,116,0,2,0,0,0,0,100,5.741379310344827,0,4,0,0,0,0,0,13.25
M Theekshana,12,6,324,282,1,0,4,0,0,0,150,6.893617021276596,0,0,2,0,0,0,0,13.083333333333334
WGAKK Kulasuriya,10,5,141,142,1,0,0,0,0,0,125,5.95774647887324,0,4,0,0,0,0,0,13.0
Maham Tariq,2,1,38,30,0,1,0,0,0,0,25,7.6,0,0,0,0,0,0,0,13.0
Nazmul Hossain,2,1,33,24,1,0,0,0,0,0,25,8.25,0,0,0,0,0,0,0,13.0
BMSM Kumari,32,16,622,612,3,5,4,0,0,0,400,6.098039215686274,0,0,2,0,0,0,0,12.9375
S Prasanna,9,4,150,144,1,1,0,0,0,1,100,6.25,0,0,2,0,0,0,12,12.88888888888889
D Brown,6,3,123,108,0,0,0,0,0,0,75,6.833333333333333,0,0,2,0,0,0,0,12.833333333333334
TAM Siriwardana,6,3,96,60,1,1,0,0,0,0,75,9.600000000000001,0,0,0,0,0,0,0,12.833333333333334
N Mlaba,12,5,235,211,0,2,0,0,0,2,125,6.682464454976303,0,0,2,0,0,0,24,12.75
KL George,4,2,91,66,1,0,0,0,0,0,50,8.272727272727273,0,0,0,0,0,0,0,12.75
AA Alleyne,11,5,193,150,0,3,0,0,0,1,125,7.72,0,0,0,0,0,0,12,12.727272727272727
Anwar Ali,6,3,129,97,1,0,0,0,0,0,75,7.979381443298969,0,0,0,0,0,0,0,12.666666666666666
FG Kemp,6,3,85,72,0,1,0,0,0,0,75,7.083333333333334,0,0,0,0,0,0,0,12.666666666666666
JDF Vandersay,7,3,201,146,0,1,0,0,0,1,75,8.26027397260274,0,0,0,0,0,0,12,12.571428571428571
K Pierre,2,1,35,42,0,0,0,0,0,0,25,5.0,0,0,0,0,0,0,0,12.5
JC Tredwell,4,2,126,95,0,0,0,0,0,0,50,7.957894736842105,0,0,0,0,0,0,0,12.5
ML Green,2,1,30,30,0,0,0,0,0,0,25,6.0,0,0,0,0,0,0,0,12.5
RLB Rambukwella,2,1,46,39,0,0,0,0,0,0,25,7.076923076923077,0,0,0,0,0,0,0,12.5
PWA Mulder,2,1,25,18,0,0,0,0,0,0,25,8.333333333333332,0,0,0,0,0,0,0,12.5
MR Marsh,14,7,206,168,0,0,0,0,0,0,175,7.357142857142858,0,0,0,0,0,0,0,12.5
B Laughlin,2,1,78,47,0,0,0,0,0,0,25,9.957446808510639,0,0,0,0,0,0,0,12.5
R Vinay Kumar,2,1,44,36,0,0,0,0,0,0,25,7.333333333333334,0,0,0,0,0,0,0,12.5
BM Tickner,6,3,160,102,0,0,0,0,0,0,75,9.411764705882353,0,0,0,0,0,0,0,12.5
A Sutherland,4,2,63,48,0,0,0,0,0,0,50,7.875,0,0,0,0,0,0,0,12.5
K Sinclair,4,2,98,66,0,0,0,0,0,0,50,8.90909090909091,0,0,0,0,0,0,0,12.5
Nawroz Mangal,2,1,34,23,0,0,0,0,0,0,25,8.869565217391305,0,0,0,0,0,0,0,12.5
BJ Hodge,2,1,23,18,0,0,0,0,0,0,25,7.666666666666666,0,0,0,0,0,0,0,12.5
HC Knight,24,11,314,309,0,3,8,0,0,0,275,6.097087378640776,0,0,2,0,0,0,0,12.0
Mahmudullah,29,13,342,316,1,2,4,0,0,1,325,6.493670886075949,0,0,2,0,0,0,12,11.931034482758621
S Luus,41,19,623,548,0,2,4,0,0,0,475,6.821167883211679,0,0,2,0,0,0,0,11.78048780487805
Samiullah Shenwari,9,4,145,150,2,0,0,0,0,0,100,5.8,0,4,0,0,0,0,0,11.777777777777779
CA Henry,14,6,210,214,1,1,4,0,0,0,150,5.88785046728972,0,4,0,0,0,0,0,11.428571428571429
CJ Anderson,9,4,193,138,0,1,0,0,0,0,100,8.391304347826086,0,0,0,0,0,0,0,11.222222222222221
DR Smith,5,2,48,46,0,2,0,0,0,0,50,6.260869565217391,0,0,2,0,0,0,0,10.8
Sanjida Akter Meghla,4,1,62,80,0,0,0,0,0,1,25,4.65,6,0,0,0,0,0,12,10.75
GB Hogg,7,3,177,132,0,0,0,0,0,0,75,8.045454545454545,0,0,0,0,0,0,0,10.714285714285714
CL Tryon,27,11,437,344,1,0,0,0,0,1,275,7.622093023255815,0,0,0,0,0,0,12,10.666666666666666
Amir Hamza,5,2,113,108,0,1,0,0,0,0,50,6.277777777777778,0,0,2,0,0,0,0,10.6
DJM Short,5,2,78,72,0,0,0,0,0,0,50,6.5,0,0,2,0,0,0,0,10.4
LE Kaushalya,21,8,263,244,2,2,0,0,0,1,200,6.467213114754098,0,0,2,0,0,0,12,10.380952380952381
Qanita Jalil,15,6,220,210,0,3,0,0,0,0,150,6.2857142857142865,0,0,2,0,0,0,0,10.333333333333334
MJ Clarke,5,2,85,66,0,1,0,0,0,0,50,7.727272727272727,0,0,0,0,0,0,0,10.2
Dawlat Zadran,5,2,127,89,0,1,0,0,0,0,50,8.561797752808989,0,0,0,0,0,0,0,10.2
BF Smith,5,2,60,60,1,0,0,0,0,0,50,6.0,0,0,0,0,0,0,0,10.2
S Gajnabi,5,2,65,54,0,0,0,0,0,0,50,7.222222222222222,0,0,0,0,0,0,0,10.0
YK Pathan,5,2,100,78,0,0,0,0,0,0,50,7.692307692307693,0,0,0,0,0,0,0,10.0
R Ntozakhe,5,2,99,78,0,0,0,0,0,0,50,7.615384615384615,0,0,0,0,0,0,0,10.0
VD Philander,5,2,79,59,0,0,0,0,0,0,50,8.033898305084746,0,0,0,0,0,0,0,10.0
Nasir Hossain,5,2,100,78,0,0,0,0,0,0,50,7.692307692307693,0,0,0,0,0,0,0,10.0
NND de Silva,13,5,152,133,1,1,0,0,0,0,125,6.857142857142857,0,0,2,0,0,0,0,9.923076923076923
C Karunaratne,13,5,239,182,1,1,0,0,0,0,125,7.8791208791208796,0,0,0,0,0,0,0,9.76923076923077
Y Fourie,8,3,124,108,0,1,0,0,0,0,75,6.888888888888889,0,0,2,0,0,0,0,9.75
MM Letsoalo,21,8,298,278,0,2,0,0,0,0,200,6.431654676258993,0,0,2,0,0,0,0,9.714285714285714
SS Weerakkody,21,8,256,252,0,2,0,0,0,0,200,6.095238095238095,0,0,2,0,0,0,0,9.714285714285714
Rameen Shamim,3,1,59,60,0,0,0,0,0,0,25,5.8999999999999995,0,4,0,0,0,0,0,9.666666666666666
MC Henriques,3,1,41,42,0,0,0,0,0,0,25,5.857142857142857,0,4,0,0,0,0,0,9.666666666666666
AJ Turner,3,1,40,42,0,0,0,0,0,0,25,5.7142857142857135,0,4,0,0,0,0,0,9.666666666666666
Mosaddek Hossain,8,3,95,75,1,1,0,0,0,0,75,7.6,0,0,0,0,0,0,0,9.625
C de Grandhomme,8,3,116,112,0,0,0,0,0,0,75,6.214285714285715,0,0,2,0,0,0,0,9.625
SACA King,12,4,172,137,1,1,0,0,0,1,100,7.532846715328468,0,0,0,0,0,0,12,9.5
TM Dilshan,14,5,132,141,1,1,0,0,0,0,125,5.617021276595745,0,4,0,0,0,0,0,9.357142857142858
A Hartley,3,1,60,52,0,1,0,0,0,0,25,6.9230769230769225,0,0,2,0,0,0,0,9.333333333333334
M Joshi,3,1,56,54,0,1,0,0,0,0,25,6.222222222222221,0,0,2,0,0,0,0,9.333333333333334
Shuvagata Hom,3,1,53,48,0,1,0,0,0,0,25,6.625,0,0,2,0,0,0,0,9.333333333333334
HK Bennett,4,1,78,62,0,0,0,0,0,1,25,7.548387096774194,0,0,0,0,0,0,12,9.25
R Dhar,4,1,97,67,0,0,0,0,0,1,25,8.686567164179104,0,0,0,0,0,0,12,9.25
F du Plessis,2,0,3,8,0,0,0,0,0,1,0,2.25,6,0,0,0,0,0,12,9.0
EA Burns,2,0,17,24,0,0,0,0,0,1,0,4.25,6,0,0,0,0,0,12,9.0
JT Smuts,3,1,59,58,0,0,0,0,0,0,25,6.1034482758620685,0,0,2,0,0,0,0,9.0
Kainat Imtiaz,6,2,86,84,0,1,0,0,0,0,50,6.142857142857142,0,0,2,0,0,0,0,8.833333333333334
CD Barnwell,3,1,43,30,0,1,0,0,0,0,25,8.6,0,0,0,0,0,0,0,8.666666666666666
AD Mascarenhas,6,2,104,96,0,0,0,0,0,0,50,6.5,0,0,2,0,0,0,0,8.666666666666666
N Thushara,3,1,49,31,1,0,0,0,0,0,25,9.483870967741936,0,0,0,0,0,0,0,8.666666666666666
PD Collingwood,9,3,127,90,1,1,0,0,0,0,75,8.466666666666667,0,0,0,0,0,0,0,8.555555555555555
Fahima Khatun,21,7,359,324,1,1,0,0,0,0,175,6.648148148148149,0,0,2,0,0,0,0,8.523809523809524
CS Fraser,3,1,58,45,0,0,0,0,0,0,25,7.733333333333334,0,0,0,0,0,0,0,8.333333333333334
S Mahmood,3,1,77,48,0,0,0,0,0,0,25,9.625,0,0,0,0,0,0,0,8.333333333333334
Naeem Islam,3,1,63,48,0,0,0,0,0,0,25,7.875,0,0,0,0,0,0,0,8.333333333333334
A Symonds,3,1,40,28,0,0,0,0,0,0,25,8.571428571428571,0,0,0,0,0,0,0,8.333333333333334
S Dube,3,1,37,27,0,0,0,0,0,0,25,8.222222222222223,0,0,0,0,0,0,0,8.333333333333334
G Sultana,10,3,221,209,0,2,0,0,0,0,75,6.344497607655503,0,0,2,0,0,0,0,7.9
SS Grimmond,10,3,146,133,0,2,0,0,0,0,75,6.586466165413534,0,0,2,0,0,0,0,7.9
Iftikhar Ahmed,7,2,81,80,2,0,0,0,0,0,50,6.074999999999999,0,0,2,0,0,0,0,7.714285714285714
V Kohli,7,2,95,82,0,1,0,0,0,0,50,6.951219512195122,0,0,2,0,0,0,0,7.571428571428571
CV Varun,4,1,89,93,0,1,0,0,0,0,25,5.741935483870968,0,4,0,0,0,0,0,7.5
LR Doolan,4,1,76,78,0,0,0,0,0,0,25,5.846153846153846,0,4,0,0,0,0,0,7.25
MD Gunathilaka,7,2,82,65,0,0,0,0,0,0,50,7.569230769230769,0,0,0,0,0,0,0,7.142857142857143
KA Pollard,21,6,275,218,0,0,0,0,0,0,150,7.568807339449542,0,0,0,0,0,0,0,7.142857142857143
DAS Gunaratne,4,1,85,77,0,1,0,0,0,0,25,6.623376623376624,0,0,2,0,0,0,0,7.0
A Capsey,3,1,34,18,0,0,0,0,0,0,25,11.333333333333332,0,0,0,0,-4,0,0,7.0
Abu Hider,4,1,74,54,1,0,0,0,0,0,25,8.222222222222223,0,0,0,0,0,0,0,6.5
Farhad Reza,4,1,41,30,0,0,0,0,0,0,25,8.2,0,0,0,0,0,0,0,6.25
GM Harris,4,1,55,42,0,0,0,0,0,0,25,7.857142857142858,0,0,0,0,0,0,0,6.25
GD Phillips,4,1,51,33,0,0,0,0,0,0,25,9.272727272727273,0,0,0,0,0,0,0,6.25
Karim Sadiq,4,1,93,60,0,0,0,0,0,0,25,9.3,0,0,0,0,0,0,0,6.25
Iram Javed,4,1,33,25,0,0,0,0,0,0,25,7.92,0,0,0,0,0,0,0,6.25
Sabbir Rahman,1,0,1,6,0,0,0,0,0,0,0,1.0,6,0,0,0,0,0,0,6.0
AL Watkins,1,0,17,24,0,0,0,0,0,0,0,4.25,6,0,0,0,0,0,0,6.0
Nazmul Hossain Shanto,1,0,3,6,0,0,0,0,0,0,0,3.0,6,0,0,0,0,0,0,6.0
JD Campbell,1,0,1,6,0,0,0,0,0,0,0,1.0,6,0,0,0,0,0,0,6.0
KNA Bandara,1,0,2,6,0,0,0,0,0,0,0,2.0,6,0,0,0,0,0,0,6.0
DE Bernard,1,0,17,24,0,0,0,0,0,0,0,4.25,6,0,0,0,0,0,0,6.0
V Krishnamurthy,1,0,4,6,0,0,0,0,0,0,0,4.0,6,0,0,0,0,0,0,6.0
JD Ryder,1,0,18,24,0,0,0,0,0,0,0,4.5,6,0,0,0,0,0,0,6.0
VR Iyer,1,0,4,6,0,0,0,0,0,0,0,4.0,6,0,0,0,0,0,0,6.0
Lata Mondal,9,2,98,96,0,1,0,0,0,0,50,6.125,0,0,2,0,0,0,0,5.888888888888889
PRCS Kumarihami,5,1,73,66,0,1,0,0,0,0,25,6.636363636363636,0,0,2,0,0,0,0,5.6
N Pradeep,9,2,188,122,0,0,0,0,0,0,50,9.245901639344261,0,0,0,0,0,0,0,5.555555555555555
RJ Nicol,5,1,70,51,0,0,0,0,0,0,25,8.235294117647058,0,0,0,0,0,0,0,5.0
GSNFG Jayasuriya,5,1,78,48,0,0,0,0,0,0,25,9.75,0,0,0,0,0,0,0,5.0
SD Bahadur,6,1,126,90,0,1,0,0,0,0,25,8.399999999999999,0,0,0,0,0,0,0,4.333333333333333
KADA Kanchana,18,3,246,196,0,0,0,0,0,0,75,7.530612244897959,0,0,0,0,0,0,0,4.166666666666667
Mehedi Hasan Miraz,6,1,122,90,0,0,0,0,0,0,25,8.133333333333333,0,0,0,0,0,0,0,4.166666666666667
I Sharma,6,1,123,92,0,0,0,0,0,0,25,8.021739130434781,0,0,0,0,0,0,0,4.166666666666667
IDR Bradshaw,1,0,22,24,0,0,0,0,0,0,0,5.5,0,4,0,0,0,0,0,4.0
GJ Batty,1,0,17,18,0,0,0,0,0,0,0,5.666666666666666,0,4,0,0,0,0,0,4.0
PG Raut,1,0,17,18,0,0,0,0,0,0,0,5.666666666666666,0,4,0,0,0,0,0,4.0
KIC Asalanka,2,0,8,19,0,0,0,0,0,0,0,2.526315789473684,6,0,0,0,0,0,0,3.0
MR Meshram,2,0,27,36,0,0,0,0,0,0,0,4.5,6,0,0,0,0,0,0,3.0
Soumya Sarkar,9,1,115,75,0,0,0,0,0,0,25,9.200000000000001,0,0,0,0,0,0,0,2.7777777777777777
Asad Ali,1,0,7,6,0,0,0,0,0,0,0,7.0,0,0,2,0,0,0,0,2.0
Q Joseph,2,0,41,48,0,0,0,0,0,0,0,5.125,0,4,0,0,0,0,0,2.0
Ghulam Fatima,2,0,33,38,0,0,0,0,0,0,0,5.210526315789474,0,4,0,0,0,0,0,2.0
DR Flynn,1,0,7,6,0,0,0,0,0,0,0,7.0,0,0,2,0,0,0,0,2.0
Shohely Akhter,2,0,21,24,0,0,0,0,0,0,0,5.25,0,4,0,0,0,0,0,2.0
R Telemachus,1,0,28,24,0,0,0,0,0,0,0,7.0,0,0,2,0,0,0,0,2.0
Naila Nazir,1,0,19,18,0,0,0,0,0,0,0,6.333333333333334,0,0,2,0,0,0,0,2.0
RJ Gleeson,1,0,13,12,0,0,0,0,0,0,0,6.5,0,0,2,0,0,0,0,2.0
Marina Iqbal,2,0,17,18,0,0,0,0,0,0,0,5.666666666666666,0,4,0,0,0,0,0,2.0
S Nisansala,2,0,41,48,0,0,0,0,0,0,0,5.125,0,4,0,0,0,0,0,2.0
D Tucker,2,0,20,18,0,0,0,0,0,0,0,6.666666666666667,0,0,2,0,0,0,0,1.0
Y Potgieter,2,0,26,24,0,0,0,0,0,0,0,6.5,0,0,2,0,0,0,0,1.0
Mirwais Ashraf,2,0,35,30,0,0,0,0,0,0,0,7.0,0,0,2,0,0,0,0,1.0
JN Mohammed,2,0,13,12,0,0,0,0,0,0,0,6.5,0,0,2,0,0,0,0,1.0
LK Bell,2,0,48,42,0,0,0,0,0,0,0,6.857142857142857,0,0,2,0,0,0,0,1.0
Lily Rani Biswas,2,0,14,12,0,0,0,0,0,0,0,7.0,0,0,2,0,0,0,0,1.0
M Shehani,5,0,56,49,0,0,0,0,0,0,0,6.857142857142857,0,0,2,0,0,0,0,0.4
NE Bonner,1,0,18,12,0,0,0,0,0,0,0,9.0,0,0,0,0,0,0,0,0.0
T Henderson,1,0,31,24,0,0,0,0,0,0,0,7.75,0,0,0,0,0,0,0,0.0
DK Butler,1,0,22,18,0,0,0,0,0,0,0,7.333333333333334,0,0,0,0,0,0,0,0.0
H Karunaratne,1,0,18,18,0,0,0,0,0,0,0,6.0,0,0,0,0,0,0,0,0.0
D Madushanka,2,0,45,30,0,0,0,0,0,0,0,9.0,0,0,0,0,0,0,0,0.0
RN Lewis,1,0,9,6,0,0,0,0,0,0,0,9.0,0,0,0,0,0,0,0,0.0
PHKD Mendis,2,0,31,24,0,0,0,0,0,0,0,7.75,0,0,0,0,0,0,0,0.0
KE Pike,1,0,36,24,0,0,0,0,0,0,0,9.0,0,0,0,0,0,0,0,0.0
CL Cairns,1,0,24,24,0,0,0,0,0,0,0,6.0,0,0,0,0,0,0,0,0.0
CL White,4,0,40,30,0,0,0,0,0,0,0,8.0,0,0,0,0,0,0,0,0.0
TL Best,3,0,77,54,0,0,0,0,0,0,0,8.555555555555555,0,0,0,0,0,0,0,0.0
CM Edwards,3,0,29,21,0,0,0,0,0,0,0,8.285714285714285,0,0,0,0,0,0,0,0.0
PP Chawla,2,0,38,24,0,0,0,0,0,0,0,9.5,0,0,0,0,0,0,0,0.0
JI Rodrigues,2,0,17,12,0,0,0,0,0,0,0,8.5,0,0,0,0,0,0,0,0.0
RG Sharma,5,0,59,36,0,0,0,0,0,0,0,9.833333333333332,0,0,0,0,0,0,0,0.0
HJ Darlington,2,0,30,18,0,0,0,0,0,0,0,10.0,0,0,0,0,0,0,0,0.0
D Gough,1,0,33,23,0,0,0,0,0,0,0,8.608695652173912,0,0,0,0,0,0,0,0.0
D Devnarain,3,0,36,24,0,0,0,0,0,0,0,9.0,0,0,0,0,0,0,0,0.0
KA Heffernan,1,0,15,12,0,0,0,0,0,0,0,7.5,0,0,0,0,0,0,0,0.0
MEK Hussey,1,0,5,6,0,0,0,0,0,0,0,5.0,0,0,0,0,0,0,0,0.0
Saif Hassan,1,0,1,1,0,0,0,0,0,0,0,6.0,0,0,0,0,0,0,0,0.0
S Ravikumar,1,0,17,12,0,0,0,0,0,0,0,8.5,0,0,0,0,0,0,0,0.0
S Sandeep Warrier,1,0,23,18,0,0,0,0,0,0,0,7.666666666666666,0,0,0,0,0,0,0,0.0
MDK Perera,2,0,46,36,0,0,0,0,0,0,0,7.666666666666666,0,0,0,0,0,0,0,0.0
AM Ellis,1,0,15,12,0,0,0,0,0,0,0,7.5,0,0,0,0,0,0,0,0.0
LD Madushanka,1,0,36,24,0,0,0,0,0,0,0,9.0,0,0,0,0,0,0,0,0.0
AM McCarthy,1,0,12,12,0,0,0,0,0,0,0,6.0,0,0,0,0,0,0,0,0.0
Mehrab Hossain jnr,1,0,20,17,0,0,0,0,0,0,0,7.0588235294117645,0,0,0,0,0,0,0,0.0
BCJ Cutting,2,0,38,24,0,0,0,0,0,0,0,9.5,0,0,0,0,0,0,0,0.0
AN Davidson-Richards,2,0,27,18,0,0,0,0,0,0,0,9.0,0,0,0,0,0,0,0,0.0
SS Iyer,1,0,2,2,0,0,0,0,0,0,0,6.0,0,0,0,0,0,0,0,0.0
MS Crane,1,0,24,24,0,0,0,0,0,0,0,6.0,0,0,0,0,0,0,0,0.0
M Markande,1,0,31,24,0,0,0,0,0,0,0,7.75,0,0,0,0,0,0,0,0.0
SE Aley,2,0,38,24,0,0,0,0,0,0,0,9.5,0,0,0,0,0,0,0,0.0
M du Preez,1,0,8,6,0,0,0,0,0,0,0,8.0,0,0,0,0,0,0,0,0.0
MM Penfold,1,0,15,12,0,0,0,0,0,0,0,7.5,0,0,0,0,0,0,0,0.0
Aftab Alam,2,0,43,30,0,0,0,0,0,0,0,8.6,0,0,0,0,0,0,0,0.0
SI Mahmood,1,0,29,18,0,0,0,0,0,0,0,9.666666666666668,0,0,0,0,0,0,0,0.0
EMDY Munaweera,2,0,22,18,0,0,0,0,0,0,0,7.333333333333334,0,0,0,0,0,0,0,0.0
AK Peters,2,0,37,24,0,0,0,0,0,0,0,9.25,0,0,0,0,0,0,0,0.0
Sohag Gazi,3,0,72,54,0,0,0,0,0,0,0,8.0,0,0,0,0,0,0,0,0.0
KP Pietersen,2,0,26,18,0,0,0,0,0,0,0,8.666666666666666,0,0,0,0,0,0,0,0.0
BJ Diamanti,1,0,19,12,0,0,0,0,0,0,0,9.5,0,0,0,0,0,0,0,0.0
N Deonarine,2,0,33,24,0,0,0,0,0,0,0,8.25,0,0,0,0,0,0,0,0.0
Shaila Sharmin,2,0,36,24,0,0,0,0,0,0,0,9.0,0,0,0,0,0,0,0,0.0
L Lee,2,0,22,18,0,0,0,0,0,0,0,7.333333333333334,0,0,0,0,0,0,0,0.0
KS Williamson,3,0,39,24,0,0,0,0,0,0,0,9.75,0,0,0,0,0,0,0,0.0
Sharafuddin Ashraf,1,0,10,12,0,0,0,0,0,0,0,5.0,0,0,0,0,0,0,0,0.0
Shahadat Hossain,2,0,47,30,0,0,0,0,0,0,0,9.4,0,0,0,0,0,0,0,0.0
AJ Finch,1,0,9,6,0,0,0,0,0,0,0,9.0,0,0,0,0,0,0,0,0.0
DR Sams,4,0,74,51,0,0,0,0,0,0,0,8.705882352941176,0,0,0,0,0,0,0,0.0
RL Haynes,3,0,44,24,0,0,0,0,0,0,0,11.0,0,0,0,-2,0,0,0,-0.6666666666666666
U Thimashini,1,0,7,4,0,0,0,0,0,0,0,10.5,0,0,0,-2,0,0,0,-2.0
S Sandeepani,1,0,11,6,0,0,0,0,0,0,0,11.0,0,0,0,-2,0,0,0,-2.0
KMC Bandara,1,0,11,6,0,0,0,0,0,0,0,11.0,0,0,0,-2,0,0,0,-2.0
KR Mayers,1,0,11,6,0,0,0,0,0,0,0,11.0,0,0,0,-2,0,0,0,-2.0
MJ Guptill,1,0,11,6,0,0,0,0,0,0,0,11.0,0,0,0,-2,0,0,0,-2.0
JM Dibble,1,0,21,12,0,0,0,0,0,0,0,10.5,0,0,0,-2,0,0,0,-2.0
Muhammad Musa,1,0,39,23,0,0,0,0,0,0,0,10.173913043478262,0,0,0,-2,0,0,0,-2.0
Imran Khan (1),1,0,42,24,0,0,0,0,0,0,0,10.5,0,0,0,-2,0,0,0,-2.0
Ziaur Rahman,1,0,26,15,0,0,0,0,0,0,0,10.4,0,0,0,-2,0,0,0,-2.0
BV Sears,1,0,11,6,0,0,0,0,0,0,0,11.0,0,0,0,-2,0,0,0,-2.0
Saqlain Sajib,1,0,40,21,0,0,0,0,0,0,0,11.428571428571427,0,0,0,0,-4,0,0,-4.0
Saad Nasim,1,0,12,6,0,0,0,0,0,0,0,12.0,0,0,0,0,-4,0,0,-4.0
JN Snape,1,0,12,6,0,0,0,0,0,0,0,12.0,0,0,0,0,-4,0,0,-4.0
Sohaib Maqsood,1,0,12,6,0,0,0,0,0,0,0,12.0,0,0,0,0,-4,0,0,-4.0
RR Hendricks,1,0,21,6,0,0,0,0,0,0,0,21.0,0,0,0,0,0,-6,0,-6.0
PDRL Perera,1,0,49,24,0,0,0,0,0,0,0,12.25,0,0,0,0,0,-6,0,-6.0
M Pathirana,1,0,16,6,0,0,0,0,0,0,0,16.0,0,0,0,0,0,-6,0,-6.0
Fariha Trisna,1,0,25,12,0,0,0,0,0,0,0,12.5,0,0,0,0,0,-6,0,-6.0
TM Head,1,0,14,6,0,0,0,0,0,0,0,14.0,0,0,0,0,0,-6,0,-6.0
Aftab Ahmed,1,0,8,2,0,0,0,0,0,0,0,24.0,0,0,0,0,0,-6,0,-6.0
P Awana,1,0,29,12,0,0,0,0,0,0,0,14.5,0,0,0,0,0,-6,0,-6.0
GA Stuurman,1,0,28,12,0,0,0,0,0,0,0,14.0,0,0,0,0,0,-6,0,-6.0
RJ Kirtley,1,0,17,6,0,0,0,0,0,0,0,17.0,0,0,0,0,0,-6,0,-6.0
GC Smith,1,0,20,6,0,0,0,0,0,0,0,20.0,0,0,0,0,0,-6,0,-6.0
KA Jamieson,1,0,49,24,0,0,0,0,0,0,0,12.25,0,0,0,0,0,-6,0,-6.0
J Mubarak,1,0,8,2,0,0,0,0,0,0,0,24.0,0,0,0,0,0,-6,0,-6.0
Mominul Haque,1,0,14,6,0,0,0,0,0,0,0,14.0,0,0,0,0,0,-6,0,-6.0
